{"name":"417cbdf9-cac0-40f9-b1ac-7d1f011ea62f","id":"/providers/Microsoft.Flow/flows/417cbdf9-cac0-40f9-b1ac-7d1f011ea62f","type":"Microsoft.Flow/flows","properties":{"apiId":"/providers/Microsoft.PowerApps/apis/shared_logicflows","displayName":"Deleting Client User","definition":{"metadata":{"workflowEntityId":null,"processAdvisorMetadata":null,"flowclientsuspensionreason":"None","flowclientsuspensiontime":null,"flowclientsuspensionreasondetails":null,"creator":{"id":"0a551f6e-be78-4f01-8c67-20765148c14a","type":"User","tenantId":"1308b4fd-10ab-4788-bf1b-04250b1b01fc"},"provisioningMethod":"FromDefinition","failureAlertSubscription":true,"clientLastModifiedTime":"2022-12-12T07:53:59.7218534Z"},"$schema":"https://schema.management.azure.com/providers/Microsoft.Logic/schemas/2016-06-01/workflowdefinition.json#","contentVersion":"1.0.0.0","parameters":{"$connections":{"defaultValue":{},"type":"Object"},"$authentication":{"defaultValue":{},"type":"SecureObject"}},"triggers":{"When_a_row_is_added,_modified_or_deleted":{"metadata":{"operationMetadataId":"b17d2b4c-24bb-41b4-b2a5-1c7a6e8821a6"},"type":"OpenApiConnectionWebhook","inputs":{"host":{"apiId":"/providers/Microsoft.PowerApps/apis/shared_commondataserviceforapps","connectionName":"shared_commondataserviceforapps","operationId":"SubscribeWebhookTrigger"},"parameters":{"subscriptionRequest/message":6,"subscriptionRequest/entityname":"crd1b_clientusers","subscriptionRequest/scope":4,"subscriptionRequest/filteringattributes":"crd1b_email"},"authentication":"@parameters('$authentication')"}}},"actions":{"List_rows":{"runAfter":{"Set_variable":["Succeeded"]},"metadata":{"operationMetadataId":"34a320be-2da0-4a3e-9f63-c68f53d39661"},"type":"OpenApiConnection","inputs":{"host":{"apiId":"/providers/Microsoft.PowerApps/apis/shared_commondataserviceforapps","connectionName":"shared_commondataserviceforapps","operationId":"ListRecords"},"parameters":{"entityName":"contacts","$filter":"emailaddress1 eq '@{triggerOutputs()?['body/crd1b_email']}'"},"authentication":"@parameters('$authentication')"}},"Apply_to_each":{"foreach":"@outputs('List_rows')?['body/value']","actions":{"Delete_a_row":{"runAfter":{},"metadata":{"operationMetadataId":"9f5d2e43-8d84-437c-9ffe-3d4c61ca3270"},"type":"OpenApiConnection","inputs":{"host":{"apiId":"/providers/Microsoft.PowerApps/apis/shared_commondataserviceforapps","connectionName":"shared_commondataserviceforapps","operationId":"DeleteRecord"},"parameters":{"entityName":"contacts","recordId":"@items('Apply_to_each')?['contactid']"},"authentication":"@parameters('$authentication')"}}},"runAfter":{"List_rows":["Succeeded"]},"metadata":{"operationMetadataId":"2f1cc3b1-ad10-4c51-bc29-3b3a816ff947"},"type":"Foreach"},"Initialize_variable":{"runAfter":{},"metadata":{"operationMetadataId":"e09dc134-16fb-4d27-b3ea-637e5332c23f"},"type":"InitializeVariable","inputs":{"variables":[{"name":"temp","type":"string"}]}},"Set_variable":{"runAfter":{"Initialize_variable":["Succeeded"]},"metadata":{"operationMetadataId":"24264ec1-ff7e-4f86-ba92-fbd6f0a00a66"},"type":"SetVariable","inputs":{"name":"temp","value":"@triggerOutputs()?['body/crd1b_email']"}}}},"connectionReferences":{"shared_commondataserviceforapps":{"connectionName":"shared-commondataser-e5640ddd-2554-497c-bb96-07b36c9362ae","source":"Embedded","id":"/providers/Microsoft.PowerApps/apis/shared_commondataserviceforapps","tier":"NotSpecified"}},"flowFailureAlertSubscribed":false,"isManaged":false}}