{"name":"49d16951-9bbf-4d43-9495-a6d93cdec705","id":"/providers/Microsoft.Flow/flows/49d16951-9bbf-4d43-9495-a6d93cdec705","type":"Microsoft.Flow/flows","properties":{"apiId":"/providers/Microsoft.PowerApps/apis/shared_logicflows","displayName":"Invite client user - dataverse form","definition":{"metadata":{"workflowEntityId":null,"processAdvisorMetadata":null,"flowclientsuspensionreason":"None","flowclientsuspensiontime":null,"flowclientsuspensionreasondetails":null,"creator":{"id":"0a551f6e-be78-4f01-8c67-20765148c14a","type":"User","tenantId":"1308b4fd-10ab-4788-bf1b-04250b1b01fc"},"provisioningMethod":"FromDefinition","failureAlertSubscription":true,"clientLastModifiedTime":"2022-12-15T10:09:56.2589489Z"},"$schema":"https://schema.management.azure.com/providers/Microsoft.Logic/schemas/2016-06-01/workflowdefinition.json#","contentVersion":"1.0.0.0","parameters":{"$connections":{"defaultValue":{},"type":"Object"},"$authentication":{"defaultValue":{},"type":"SecureObject"}},"triggers":{"When_a_row_is_added,_modified_or_deleted":{"metadata":{"operationMetadataId":"06ce0f5e-c5f1-4518-a5b9-119781857476"},"type":"OpenApiConnectionWebhook","inputs":{"host":{"apiId":"/providers/Microsoft.PowerApps/apis/shared_commondataserviceforapps","connectionName":"shared_commondataserviceforapps","operationId":"SubscribeWebhookTrigger"},"parameters":{"subscriptionRequest/message":1,"subscriptionRequest/entityname":"crd1b_inviteclientuser","subscriptionRequest/scope":4},"authentication":"@parameters('$authentication')"}}},"actions":{"HTTP_-_Check_if_user_exists":{"runAfter":{"Get_a_row_by_ID":["Succeeded"]},"metadata":{"operationMetadataId":"e50ebee1-e514-45b5-b72a-8f80a1e30351"},"type":"Http","inputs":{"method":"GET","uri":"https://graph.microsoft.com/v1.0/users?$filter=mail eq '@{triggerOutputs()?['body/crd1b_email']}'&$select=id","headers":{"Content-type":"application/json"},"authentication":{"type":"ActiveDirectoryOAuth","tenant":"1308b4fd-10ab-4788-bf1b-04250b1b01fc","audience":"https://graph.microsoft.com","clientId":"ca53d862-0e46-4da4-8d10-ae9282cc2ffb","secret":"t-d8Q~B3BPdi1wmjiTynb3CH7WNh37WwKMo-ycX6"}}},"Parse_JSON":{"runAfter":{"HTTP_-_Check_if_user_exists":["Succeeded"]},"metadata":{"operationMetadataId":"266233bd-9eac-4f0e-9d59-72fd2248e623"},"type":"ParseJson","inputs":{"content":"@body('HTTP_-_Check_if_user_exists')","schema":{"type":"object","properties":{"@@odata.context":{"type":"string"},"value":{"type":"array","items":{"type":"object","properties":{"id":{"type":"string"}},"required":["id"]}}}}}},"Get_a_row_by_ID":{"runAfter":{},"metadata":{"operationMetadataId":"74deb800-4e77-43ab-9a2f-e93a5f08e303"},"type":"OpenApiConnection","inputs":{"host":{"apiId":"/providers/Microsoft.PowerApps/apis/shared_commondataserviceforapps","connectionName":"shared_commondataserviceforapps","operationId":"GetItem"},"parameters":{"entityName":"contacts","recordId":"@triggerOutputs()?['body/_crd1b_createdby_value']"},"authentication":"@parameters('$authentication')"}},"HTTP_-_Add_guest_user":{"runAfter":{"Parse_JSON":["Succeeded"]},"metadata":{"operationMetadataId":"f07d5416-5864-4bf7-9d64-a810c777c2b7"},"type":"Http","inputs":{"method":"POST","uri":"https://graph.microsoft.com/v1.0/invitations","headers":{"Content-type":"application/json"},"body":{"invitedUserDisplayName":"@{triggerOutputs()?['body/crd1b_firstname']} @{triggerOutputs()?['body/crd1b_lastname']}","invitedUserEmailAddress":"@{triggerOutputs()?['body/crd1b_email']}","sendInvitationMessage":true,"inviteRedirectUrl":"https://bensonhealth.powerappsportals.com/SignIn"},"authentication":{"type":"ActiveDirectoryOAuth","tenant":"1308b4fd-10ab-4788-bf1b-04250b1b01fc","audience":"https://graph.microsoft.com","clientId":"ca53d862-0e46-4da4-8d10-ae9282cc2ffb","secret":"t-d8Q~B3BPdi1wmjiTynb3CH7WNh37WwKMo-ycX6"}}},"Add_a_new_row":{"runAfter":{"HTTP_-_Add_guest_user":["Succeeded"]},"metadata":{"operationMetadataId":"c2b56f02-a5b5-4ecb-bdd9-d2c0505ec23a"},"type":"OpenApiConnection","inputs":{"host":{"apiId":"/providers/Microsoft.PowerApps/apis/shared_commondataserviceforapps","connectionName":"shared_commondataserviceforapps_2","operationId":"CreateRecord"},"parameters":{"entityName":"crd1b_tempuserses","item/crd1b_name":"@triggerOutputs()?['body/crd1b_email']","item/crd1b_clientcodeacc@odata.bind":"/systemusers(@{outputs('Get_a_row_by_ID')?['body/_parentcustomerid_value']})","item/crd1b_firstname":"@triggerOutputs()?['body/crd1b_firstname']","item/crd1b_lastname":"@triggerOutputs()?['body/crd1b_lastname']","item/crd1b_temp_role@odata.bind":"/systemusers(0cb017cf-4567-ed11-9561-00224842b6ce)"},"authentication":"@parameters('$authentication')"}}}},"connectionReferences":{"shared_commondataserviceforapps":{"connectionName":"shared-commondataser-e5640ddd-2554-497c-bb96-07b36c9362ae","source":"Embedded","id":"/providers/Microsoft.PowerApps/apis/shared_commondataserviceforapps","tier":"NotSpecified"},"shared_commondataserviceforapps_2":{"connectionName":"shared-commondataser-e5640ddd-2554-497c-bb96-07b36c9362ae","source":"Embedded","id":"/providers/Microsoft.PowerApps/apis/shared_commondataserviceforapps","tier":"NotSpecified"}},"flowFailureAlertSubscribed":false,"isManaged":false}}