{"name":"26b6c943-4c77-4c68-b556-9b2abb85275e","id":"/providers/Microsoft.Flow/flows/26b6c943-4c77-4c68-b556-9b2abb85275e","type":"Microsoft.Flow/flows","properties":{"apiId":"/providers/Microsoft.PowerApps/apis/shared_logicflows","displayName":"Exporting files","definition":{"metadata":{"workflowEntityId":null,"processAdvisorMetadata":null,"flowclientsuspensionreason":"AllActionsFailingDetected","flowclientsuspensiontime":"2023-01-22T00:27:59.1900541Z","flowclientsuspensionreasondetails":"Your flow has failed consistently for 14 days. We disabled it on 1/22/2023 12:27:58 AM.","creator":{"id":"0a551f6e-be78-4f01-8c67-20765148c14a","type":"User","tenantId":"1308b4fd-10ab-4788-bf1b-04250b1b01fc"},"provisioningMethod":"FromDefinition","failureAlertSubscription":true,"clientLastModifiedTime":"2022-12-15T12:32:10.2272451Z"},"$schema":"https://schema.management.azure.com/providers/Microsoft.Logic/schemas/2016-06-01/workflowdefinition.json#","contentVersion":"1.0.0.0","parameters":{"$connections":{"defaultValue":{},"type":"Object"},"$authentication":{"defaultValue":{},"type":"SecureObject"}},"triggers":{"When_a_row_is_added,_modified_or_deleted":{"metadata":{"operationMetadataId":"3c66684c-ae7a-4b4c-8f90-8f5de86aa23b"},"type":"OpenApiConnectionWebhook","inputs":{"host":{"apiId":"/providers/Microsoft.PowerApps/apis/shared_commondataserviceforapps","connectionName":"shared_commondataserviceforapps","operationId":"SubscribeWebhookTrigger"},"parameters":{"subscriptionRequest/message":1,"subscriptionRequest/entityname":"annotation","subscriptionRequest/scope":4},"authentication":"@parameters('$authentication')"}}},"actions":{"Get_a_row_by_ID":{"runAfter":{},"metadata":{"operationMetadataId":"237285bc-a5f6-40b9-b2ed-27a3426f84b9"},"type":"OpenApiConnection","inputs":{"host":{"apiId":"/providers/Microsoft.PowerApps/apis/shared_commondataserviceforapps","connectionName":"shared_commondataserviceforapps","operationId":"GetItem"},"parameters":{"entityName":"crd1b_clientfileses","recordId":"@triggerOutputs()?['body/_objectid_value']"},"authentication":"@parameters('$authentication')"}},"Create_blob_(V2)":{"runAfter":{"Accounts":["Succeeded"]},"metadata":{"operationMetadataId":"561e2cc3-241a-45eb-b063-14abc3363467"},"type":"OpenApiConnection","inputs":{"host":{"apiId":"/providers/Microsoft.PowerApps/apis/shared_azureblob","connectionName":"shared_azureblob_1","operationId":"CreateFile_V2"},"parameters":{"dataset":"AccountNameFromSettings","folderPath":"/test/@{outputs('Accounts')?['body/name']}","name":"@triggerOutputs()?['body/filename']","body":"@base64ToBinary(triggerOutputs()?['body/documentbody'])","Content-Type":"@triggerOutputs()?['body/mimetype']"},"authentication":"@parameters('$authentication')"},"runtimeConfiguration":{"contentTransfer":{"transferMode":"Chunked"}}},"Contact":{"runAfter":{"Get_a_row_by_ID":["Succeeded"]},"metadata":{"operationMetadataId":"a4207d9f-6e77-4859-b9af-5250b25c8e2d"},"type":"OpenApiConnection","inputs":{"host":{"apiId":"/providers/Microsoft.PowerApps/apis/shared_commondataserviceforapps","connectionName":"shared_commondataserviceforapps","operationId":"GetItem"},"parameters":{"entityName":"contacts","recordId":"@outputs('Get_a_row_by_ID')?['body/_crd1b_createdby_value']"},"authentication":"@parameters('$authentication')"}},"Accounts":{"runAfter":{"Contact":["Succeeded"]},"metadata":{"operationMetadataId":"ff7b0dd2-3656-455e-9acf-88f33643dd8d"},"type":"OpenApiConnection","inputs":{"host":{"apiId":"/providers/Microsoft.PowerApps/apis/shared_commondataserviceforapps","connectionName":"shared_commondataserviceforapps","operationId":"GetItem"},"parameters":{"entityName":"accounts","recordId":"@outputs('Contact')?['body/_parentcustomerid_value']"},"authentication":"@parameters('$authentication')"}}}},"connectionReferences":{"shared_commondataserviceforapps":{"connectionName":"shared-commondataser-e5640ddd-2554-497c-bb96-07b36c9362ae","source":"Embedded","id":"/providers/Microsoft.PowerApps/apis/shared_commondataserviceforapps","tier":"NotSpecified"},"shared_azureblob_1":{"connectionName":"shared-azureblob-e92e55d0-36dd-48fd-b480-984b4c28126c","source":"Embedded","id":"/providers/Microsoft.PowerApps/apis/shared_azureblob","tier":"NotSpecified"}},"flowFailureAlertSubscribed":false,"isManaged":false}}