{"name":"5ce13a71-4c54-4762-8760-43a94156badd","id":"/providers/Microsoft.Flow/flows/5ce13a71-4c54-4762-8760-43a94156badd","type":"Microsoft.Flow/flows","properties":{"apiId":"/providers/Microsoft.PowerApps/apis/shared_logicflows","displayName":"client support","definition":{"metadata":{"workflowEntityId":null,"processAdvisorMetadata":null,"flowclientsuspensionreason":"None","flowclientsuspensiontime":null,"flowclientsuspensionreasondetails":null,"creator":{"id":"0a551f6e-be78-4f01-8c67-20765148c14a","type":"User","tenantId":"1308b4fd-10ab-4788-bf1b-04250b1b01fc"},"provisioningMethod":"FromDefinition","failureAlertSubscription":true,"clientLastModifiedTime":"2023-01-20T07:36:12.1748254Z"},"$schema":"https://schema.management.azure.com/providers/Microsoft.Logic/schemas/2016-06-01/workflowdefinition.json#","contentVersion":"1.0.0.0","parameters":{"$connections":{"defaultValue":{},"type":"Object"},"$authentication":{"defaultValue":{},"type":"SecureObject"}},"triggers":{"When_a_row_is_added,_modified_or_deleted":{"metadata":{"operationMetadataId":"b5542d45-8b84-4a43-8cf0-bc7f1fd7cf45"},"type":"OpenApiConnectionWebhook","inputs":{"host":{"apiId":"/providers/Microsoft.PowerApps/apis/shared_commondataserviceforapps","connectionName":"shared_commondataserviceforapps","operationId":"SubscribeWebhookTrigger"},"parameters":{"subscriptionRequest/message":1,"subscriptionRequest/entityname":"crd1b_clientsupport","subscriptionRequest/scope":4},"authentication":"@parameters('$authentication')"}}},"actions":{"Initialize_variable":{"runAfter":{"Initialize_variable_2":["Succeeded"]},"metadata":{"operationMetadataId":"24499240-7f79-4190-a739-bcbe480c187a"},"type":"InitializeVariable","inputs":{"variables":[{"name":"support type","type":"string","value":"@{triggerOutputs()?['body/_crd1b_supporttype_label']}"}]}},"List_rows":{"runAfter":{"Update_a_row":["Succeeded"]},"metadata":{"operationMetadataId":"b2dfe1bc-a4ae-44c3-937f-2f1dcf5c4edc"},"type":"OpenApiConnection","inputs":{"host":{"apiId":"/providers/Microsoft.PowerApps/apis/shared_commondataserviceforapps","connectionName":"shared_commondataserviceforapps","operationId":"ListRecords"},"parameters":{"entityName":"contacts"},"authentication":"@parameters('$authentication')"}},"Apply_to_each":{"foreach":"@outputs('List_rows')?['body/value']","actions":{"Condition":{"actions":{"Send_an_email_(V2)":{"runAfter":{},"metadata":{"operationMetadataId":"0d9a6d75-dd91-4e6e-bca2-77dab2c79080"},"type":"OpenApiConnection","inputs":{"host":{"apiId":"/providers/Microsoft.PowerApps/apis/shared_office365","connectionName":"shared_office365","operationId":"SendEmailV2"},"parameters":{"emailMessage/To":"@items('Apply_to_each')?['emailaddress1']","emailMessage/Subject":"@variables('Dynamic Support')","emailMessage/Body":"<p>@{triggerOutputs()?['body/crd1b_supportrequest']}</p>","emailMessage/From":"BensonAdmin@bensonwintere.com","emailMessage/Cc":"michael@bensonwintere.com","emailMessage/Importance":"Normal"},"authentication":"@parameters('$authentication')"}}},"runAfter":{},"expression":{"and":[{"equals":["@items('Apply_to_each')?['_crd1b_role_value']","2e8832ab-4567-ed11-9561-00224842b6ce"]},{"equals":["@items('Apply_to_each')?['_parentcustomerid_value']","@outputs('Get_a_row_by_ID_3')?['body/accountid']"]}]},"metadata":{"operationMetadataId":"9f36e779-d742-427e-a502-004115802e9c"},"type":"If"}},"runAfter":{"List_rows":["Succeeded"]},"metadata":{"operationMetadataId":"bfb6e18e-18b6-4571-aa40-5e4d86fae34c"},"type":"Foreach"},"Initialize_variable_2":{"runAfter":{"Initialize_variable_3":["Succeeded"]},"metadata":{"operationMetadataId":"955f2087-4b0a-4f1e-a0ca-4cb85b33e2cb"},"type":"InitializeVariable","inputs":{"variables":[{"name":"Dynamic Support","type":"string","value":"@outputs('Get_a_row_by_ID')?['body/crd1b_name']"}]}},"Get_a_row_by_ID":{"runAfter":{},"metadata":{"operationMetadataId":"54212f8c-a75f-473d-9569-3c2a930d1c2c"},"type":"OpenApiConnection","inputs":{"host":{"apiId":"/providers/Microsoft.PowerApps/apis/shared_commondataserviceforapps","connectionName":"shared_commondataserviceforapps","operationId":"GetItem"},"parameters":{"entityName":"crd1b_supporttypelists","recordId":"@triggerOutputs()?['body/_crd1b_supporttype1_value']"},"authentication":"@parameters('$authentication')"}},"Get_a_row_by_ID_2":{"runAfter":{"Get_a_row_by_ID":["Succeeded"]},"metadata":{"operationMetadataId":"02c37f6b-d9c8-4ce6-b7e1-2658e77f5d55"},"type":"OpenApiConnection","inputs":{"host":{"apiId":"/providers/Microsoft.PowerApps/apis/shared_commondataserviceforapps","connectionName":"shared_commondataserviceforapps","operationId":"GetItem"},"parameters":{"entityName":"contacts","recordId":"@triggerOutputs()?['body/_crd1b_createdby_value']"},"authentication":"@parameters('$authentication')"}},"Get_a_row_by_ID_3":{"runAfter":{"Get_a_row_by_ID_2":["Succeeded"]},"metadata":{"operationMetadataId":"76bb99fa-6768-4803-b546-718940ecb473"},"type":"OpenApiConnection","inputs":{"host":{"apiId":"/providers/Microsoft.PowerApps/apis/shared_commondataserviceforapps","connectionName":"shared_commondataserviceforapps","operationId":"GetItem"},"parameters":{"entityName":"accounts","recordId":"@outputs('Get_a_row_by_ID_2')?['body/_parentcustomerid_value']"},"authentication":"@parameters('$authentication')"}},"Update_a_row":{"runAfter":{"Initialize_variable":["Succeeded"]},"metadata":{"operationMetadataId":"d94e0e1e-dae7-48e6-a619-56fbed4627c5"},"type":"OpenApiConnection","inputs":{"host":{"apiId":"/providers/Microsoft.PowerApps/apis/shared_commondataserviceforapps","connectionName":"shared_commondataserviceforapps","operationId":"UpdateRecord"},"parameters":{"entityName":"crd1b_clientsupports","recordId":"@triggerOutputs()?['body/crd1b_clientsupportid']","item/crd1b_Clientcode1@odata.bind":"/systemusers(@{outputs('Get_a_row_by_ID_2')?['body/_parentcustomerid_value']})"},"authentication":"@parameters('$authentication')"}},"Initialize_variable_3":{"runAfter":{"Get_a_row_by_ID_3":["Succeeded"]},"metadata":{"operationMetadataId":"1555cb3d-873a-4326-ad33-81f6a6cbe9fb"},"type":"InitializeVariable","inputs":{"variables":[{"name":"temp","type":"string","value":"@outputs('Get_a_row_by_ID_2')?['body/_parentcustomerid_value']"}]}}}},"connectionReferences":{"shared_commondataserviceforapps":{"connectionName":"shared-commondataser-e5640ddd-2554-497c-bb96-07b36c9362ae","source":"Embedded","id":"/providers/Microsoft.PowerApps/apis/shared_commondataserviceforapps","tier":"NotSpecified"},"shared_office365":{"connectionName":"shared-office365-3a7a4055-663a-4267-89a3-51fc43aafe2a","source":"Embedded","id":"/providers/Microsoft.PowerApps/apis/shared_office365","tier":"NotSpecified"}},"flowFailureAlertSubscribed":false,"isManaged":false}}