{"name":"2f82fd55-2256-47c8-b2cb-cdceeca05d75","id":"/providers/Microsoft.Flow/flows/2f82fd55-2256-47c8-b2cb-cdceeca05d75","type":"Microsoft.Flow/flows","properties":{"apiId":"/providers/Microsoft.PowerApps/apis/shared_logicflows","displayName":"Disable/Enable user","definition":{"metadata":{"workflowEntityId":null,"processAdvisorMetadata":null,"flowclientsuspensionreason":"None","flowclientsuspensiontime":null,"flowclientsuspensionreasondetails":null,"creator":{"id":"0a551f6e-be78-4f01-8c67-20765148c14a","type":"User","tenantId":"1308b4fd-10ab-4788-bf1b-04250b1b01fc"},"provisioningMethod":"FromDefinition","failureAlertSubscription":true,"clientLastModifiedTime":"2022-12-16T10:50:39.8509829Z"},"$schema":"https://schema.management.azure.com/providers/Microsoft.Logic/schemas/2016-06-01/workflowdefinition.json#","contentVersion":"1.0.0.0","parameters":{"$connections":{"defaultValue":{},"type":"Object"},"$authentication":{"defaultValue":{},"type":"SecureObject"}},"triggers":{"When_a_row_is_added,_modified_or_deleted":{"metadata":{"operationMetadataId":"a912b227-a34a-47dd-91b7-e005b8000afc"},"type":"OpenApiConnectionWebhook","inputs":{"host":{"apiId":"/providers/Microsoft.PowerApps/apis/shared_commondataserviceforapps","connectionName":"shared_commondataserviceforapps","operationId":"SubscribeWebhookTrigger"},"parameters":{"subscriptionRequest/message":3,"subscriptionRequest/entityname":"crd1b_clientusers","subscriptionRequest/scope":4},"authentication":"@parameters('$authentication')"}}},"actions":{"List_rows":{"runAfter":{},"metadata":{"operationMetadataId":"e0e17c4a-602f-4d5a-b34f-9333dfdd04e2"},"type":"OpenApiConnection","inputs":{"host":{"apiId":"/providers/Microsoft.PowerApps/apis/shared_commondataserviceforapps","connectionName":"shared_commondataserviceforapps","operationId":"ListRecords"},"parameters":{"entityName":"contacts","$filter":"emailaddress1 eq '@{triggerOutputs()?['body/crd1b_email']}'"},"authentication":"@parameters('$authentication')"}},"Apply_to_each_3":{"foreach":"@outputs('List_rows')?['body/value']","actions":{"Condition_2":{"actions":{"Update_a_row":{"runAfter":{},"metadata":{"operationMetadataId":"ac798595-b8b7-431e-bd5a-f93c2b5f7bfc"},"type":"OpenApiConnection","inputs":{"host":{"apiId":"/providers/Microsoft.PowerApps/apis/shared_commondataserviceforapps","connectionName":"shared_commondataserviceforapps","operationId":"UpdateRecord"},"parameters":{"entityName":"contacts","recordId":"@items('Apply_to_each_3')?['contactid']","item/crd1b_userstatis":"@triggerOutputs()?['body/crd1b_userstatus']"},"authentication":"@parameters('$authentication')"}}},"runAfter":{},"expression":{"not":{"equals":["@items('Apply_to_each_3')?['crd1b_userstatis']","@triggerOutputs()?['body/crd1b_userstatus']"]}},"metadata":{"operationMetadataId":"f8216b77-1c3f-40d0-aad3-52f32344a97d"},"type":"If"}},"runAfter":{"List_rows":["Succeeded"]},"metadata":{"operationMetadataId":"6be58441-71b1-4389-8b31-4585f7623ce9"},"type":"Foreach"}}},"connectionReferences":{"shared_commondataserviceforapps":{"connectionName":"shared-commondataser-e5640ddd-2554-497c-bb96-07b36c9362ae","source":"Embedded","id":"/providers/Microsoft.PowerApps/apis/shared_commondataserviceforapps","tier":"NotSpecified"}},"flowFailureAlertSubscribed":false,"isManaged":false}}