{"name":"93fba86f-f046-4f98-aa5a-594b83239e32","id":"/providers/Microsoft.Flow/flows/93fba86f-f046-4f98-aa5a-594b83239e32","type":"Microsoft.Flow/flows","properties":{"apiId":"/providers/Microsoft.PowerApps/apis/shared_logicflows","displayName":"InsertActMaps","definition":{"metadata":{"workflowEntityId":null,"processAdvisorMetadata":null,"flowclientsuspensionreason":"None","flowclientsuspensiontime":null,"flowclientsuspensionreasondetails":null,"creator":{"id":"0a551f6e-be78-4f01-8c67-20765148c14a","type":"User","tenantId":"1308b4fd-10ab-4788-bf1b-04250b1b01fc"},"provisioningMethod":"FromDefinition","failureAlertSubscription":true,"clientLastModifiedTime":"2022-12-08T07:05:12.2532374Z"},"$schema":"https://schema.management.azure.com/providers/Microsoft.Logic/schemas/2016-06-01/workflowdefinition.json#","contentVersion":"1.0.0.0","parameters":{"$connections":{"defaultValue":{},"type":"Object"},"$authentication":{"defaultValue":{},"type":"SecureObject"}},"triggers":{"When_a_row_is_added,_modified_or_deleted":{"metadata":{"operationMetadataId":"cff9c867-e669-45a3-85a9-2508074be199"},"type":"OpenApiConnectionWebhook","inputs":{"host":{"apiId":"/providers/Microsoft.PowerApps/apis/shared_commondataserviceforapps","connectionName":"shared_commondataserviceforapps","operationId":"SubscribeWebhookTrigger"},"parameters":{"subscriptionRequest/message":1,"subscriptionRequest/entityname":"crd1b_benactmaps","subscriptionRequest/scope":4},"authentication":"@parameters('$authentication')"}}},"actions":{"List_rows":{"runAfter":{},"metadata":{"operationMetadataId":"0ff0e769-d8b4-4fa0-929c-31a98713b945"},"type":"OpenApiConnection","inputs":{"host":{"apiId":"/providers/Microsoft.PowerApps/apis/shared_commondataserviceforapps","connectionName":"shared_commondataserviceforapps","operationId":"ListRecords"},"parameters":{"entityName":"accounts","$filter":"name eq '@{triggerOutputs()?['body/crd1b_benactcode']}'"},"authentication":"@parameters('$authentication')"}},"Apply_to_each":{"foreach":"@outputs('List_rows')?['body/value']","actions":{"Update_a_row":{"runAfter":{},"metadata":{"operationMetadataId":"529c816f-f6ea-4005-b214-7cc462802f14"},"type":"OpenApiConnection","inputs":{"host":{"apiId":"/providers/Microsoft.PowerApps/apis/shared_commondataserviceforapps","connectionName":"shared_commondataserviceforapps","operationId":"UpdateRecord"},"parameters":{"entityName":"crd1b_benactmapses","recordId":"@triggerOutputs()?['body/crd1b_benactmapsid']","item/crd1b_ClientCode@odata.bind":"/systemusers(@{items('Apply_to_each')?['accountid']})"},"authentication":"@parameters('$authentication')"}}},"runAfter":{"List_rows":["Succeeded"]},"metadata":{"operationMetadataId":"a2d9fabb-1614-44e7-9ee9-f05ef9f6440c"},"type":"Foreach"}}},"connectionReferences":{"shared_commondataserviceforapps":{"connectionName":"shared-commondataser-e5640ddd-2554-497c-bb96-07b36c9362ae","source":"Embedded","id":"/providers/Microsoft.PowerApps/apis/shared_commondataserviceforapps","tier":"NotSpecified"}},"flowFailureAlertSubscribed":false,"isManaged":false}}