{"name":"a10cfdf9-5594-42c7-a4d2-2964efdeeec3","id":"/providers/Microsoft.Flow/flows/a10cfdf9-5594-42c7-a4d2-2964efdeeec3","type":"Microsoft.Flow/flows","properties":{"apiId":"/providers/Microsoft.PowerApps/apis/shared_logicflows","displayName":"InsertTeamMaps","definition":{"metadata":{"workflowEntityId":null,"processAdvisorMetadata":null,"flowclientsuspensionreason":"None","flowclientsuspensiontime":null,"flowclientsuspensionreasondetails":null,"creator":{"id":"0a551f6e-be78-4f01-8c67-20765148c14a","type":"User","tenantId":"1308b4fd-10ab-4788-bf1b-04250b1b01fc"},"provisioningMethod":"FromDefinition","failureAlertSubscription":true,"clientLastModifiedTime":"2022-12-08T07:02:11.2151784Z"},"$schema":"https://schema.management.azure.com/providers/Microsoft.Logic/schemas/2016-06-01/workflowdefinition.json#","contentVersion":"1.0.0.0","parameters":{"$connections":{"defaultValue":{},"type":"Object"},"$authentication":{"defaultValue":{},"type":"SecureObject"}},"triggers":{"When_a_row_is_added,_modified_or_deleted":{"metadata":{"operationMetadataId":"cc5bafdf-364a-43b1-b21e-b2b2383392f1"},"type":"OpenApiConnectionWebhook","inputs":{"host":{"apiId":"/providers/Microsoft.PowerApps/apis/shared_commondataserviceforapps","connectionName":"shared_commondataserviceforapps","operationId":"SubscribeWebhookTrigger"},"parameters":{"subscriptionRequest/message":1,"subscriptionRequest/entityname":"crd1b_benteammaps","subscriptionRequest/scope":4},"authentication":"@parameters('$authentication')"}}},"actions":{"List_rows":{"runAfter":{},"metadata":{"operationMetadataId":"55d2bf70-206c-4da6-9b40-e1c0589309ea"},"type":"OpenApiConnection","inputs":{"host":{"apiId":"/providers/Microsoft.PowerApps/apis/shared_commondataserviceforapps","connectionName":"shared_commondataserviceforapps","operationId":"ListRecords"},"parameters":{"entityName":"accounts","$filter":"name eq '@{triggerOutputs()?['body/crd1b_field_3']}'"},"authentication":"@parameters('$authentication')"}},"Apply_to_each":{"foreach":"@outputs('List_rows')?['body/value']","actions":{"Update_a_row_2":{"runAfter":{},"metadata":{"operationMetadataId":"58baff19-3233-4c45-b7a9-dd314bf6a9ee"},"type":"OpenApiConnection","inputs":{"host":{"apiId":"/providers/Microsoft.PowerApps/apis/shared_commondataserviceforapps","connectionName":"shared_commondataserviceforapps","operationId":"UpdateRecord"},"parameters":{"entityName":"crd1b_benteammapses","recordId":"@triggerOutputs()?['body/crd1b_benteammapsid']","item/crd1b_ClientCode@odata.bind":"/systemusers(@{items('Apply_to_each')?['accountid']})"},"authentication":"@parameters('$authentication')"}}},"runAfter":{"List_rows":["Succeeded"]},"metadata":{"operationMetadataId":"27d7b69f-98ec-49e0-8f13-aa5fbfe3b4eb"},"type":"Foreach"}}},"connectionReferences":{"shared_commondataserviceforapps":{"connectionName":"shared-commondataser-e5640ddd-2554-497c-bb96-07b36c9362ae","source":"Embedded","id":"/providers/Microsoft.PowerApps/apis/shared_commondataserviceforapps","tier":"NotSpecified"}},"flowFailureAlertSubscribed":false,"isManaged":false}}