{"name":"f227579f-ac0e-4ab3-af69-90eaf911bab0","id":"/providers/Microsoft.Flow/flows/f227579f-ac0e-4ab3-af69-90eaf911bab0","type":"Microsoft.Flow/flows","properties":{"apiId":"/providers/Microsoft.PowerApps/apis/shared_logicflows","displayName":"Add Client Code against Envcode( Reports General) 2","definition":{"metadata":{"workflowEntityId":null,"processAdvisorMetadata":null,"flowChargedByPaygo":null,"flowclientsuspensionreason":"None","flowclientsuspensiontime":null,"flowclientsuspensionreasondetails":null,"creator":{"id":"355cc8d9-b30d-42c7-97a2-c3a9c1726dfe","type":"User","tenantId":"1308b4fd-10ab-4788-bf1b-04250b1b01fc"},"provisioningMethod":"FromDefinition","failureAlertSubscription":true,"clientLastModifiedTime":"2023-07-25T17:22:44.7393581Z"},"$schema":"https://schema.management.azure.com/providers/Microsoft.Logic/schemas/2016-06-01/workflowdefinition.json#","contentVersion":"1.0.0.0","parameters":{"$connections":{"defaultValue":{},"type":"Object"},"$authentication":{"defaultValue":{},"type":"SecureObject"}},"triggers":{"When_a_row_is_added,_modified_or_deleted":{"metadata":{"operationMetadataId":"1f6854c8-8b18-4811-ba8b-b7cc1f2ae5ca"},"type":"OpenApiConnectionWebhook","inputs":{"host":{"apiId":"/providers/Microsoft.PowerApps/apis/shared_commondataserviceforapps","connectionName":"shared_commondataserviceforapps","operationId":"SubscribeWebhookTrigger"},"parameters":{"subscriptionRequest/message":4,"subscriptionRequest/entityname":"crd1b_reports_general_link","subscriptionRequest/scope":4},"authentication":"@parameters('$authentication')"}}},"actions":{"Get_a_row_by_ID_2-Benson-Environments_(CN)":{"runAfter":{},"metadata":{"operationMetadataId":"fb3bae87-e84a-4a57-ae9c-a7eca9a4f104"},"type":"OpenApiConnection","inputs":{"host":{"apiId":"/providers/Microsoft.PowerApps/apis/shared_commondataserviceforapps","connectionName":"shared_commondataserviceforapps","operationId":"GetItem"},"parameters":{"entityName":"crd1b_benson_environmentses","recordId":"6b0a809c-8095-ed11-aad1-00224842b6ce"},"authentication":"@parameters('$authentication')"}},"Get_a_row_by_ID-Benson-environment(CM)":{"runAfter":{"Get_a_row_by_ID_2-Benson-Environments_(CN)":["Succeeded"]},"metadata":{"operationMetadataId":"e1c6831b-d2e6-47ad-a748-474e39a828fd"},"type":"OpenApiConnection","inputs":{"host":{"apiId":"/providers/Microsoft.PowerApps/apis/shared_commondataserviceforapps","connectionName":"shared_commondataserviceforapps","operationId":"GetItem"},"parameters":{"entityName":"crd1b_benson_environmentses","recordId":"166397a2-8095-ed11-aad1-00224842b6ce"},"authentication":"@parameters('$authentication')"}},"Get_a_row_by_ID-Benson-environment(CU)":{"runAfter":{"Get_a_row_by_ID-Benson-environment(CM)":["Succeeded"]},"metadata":{"operationMetadataId":"3cb3504b-32a5-4723-8f68-4e8b383c76c5"},"type":"OpenApiConnection","inputs":{"host":{"apiId":"/providers/Microsoft.PowerApps/apis/shared_commondataserviceforapps","connectionName":"shared_commondataserviceforapps","operationId":"GetItem"},"parameters":{"entityName":"crd1b_benson_environmentses","recordId":"d43a7fb3-8095-ed11-aad1-00224842b6ce"},"authentication":"@parameters('$authentication')"}},"Condition-CN":{"actions":{"Update_a_row":{"runAfter":{},"metadata":{"operationMetadataId":"0e897eaf-051a-447d-a277-3726ccb9cb15"},"type":"OpenApiConnection","inputs":{"host":{"apiId":"/providers/Microsoft.PowerApps/apis/shared_commondataserviceforapps","connectionName":"shared_commondataserviceforapps","operationId":"UpdateRecord"},"parameters":{"entityName":"crd1b_reports_general_links","recordId":"@triggerOutputs()?['body/crd1b_reports_general_linkid']","item/crd1b_BenEnv_Acc@odata.bind":"\\accounts\\74a79bdc-6369-ed11-81ac-00224842b6ce","item/crd1b_EnvCode_Acc2@odata.bind":"\\accounts\\75a79bdc-6369-ed11-81ac-00224842b6ce","item/crd1b_EnvCode_DCH@odata.bind":"\\accounts\\e09cdcc6-8591-ed11-aad1-00224842b6ce","item/crd1b_EnvCode_HCT@odata.bind":"\\accounts\\57af124b-ff6a-ed11-81ac-00224842b6ce"},"authentication":"@parameters('$authentication')"}}},"runAfter":{"Get_a_row_by_ID-Benson-environment(CU)":["Succeeded"]},"else":{"actions":{"Condition":{"actions":{"Update_a_row_2":{"runAfter":{},"metadata":{"operationMetadataId":"d62d28e7-5da3-463c-8021-f36e74a5b669"},"type":"OpenApiConnection","inputs":{"host":{"apiId":"/providers/Microsoft.PowerApps/apis/shared_commondataserviceforapps","connectionName":"shared_commondataserviceforapps","operationId":"UpdateRecord"},"parameters":{"entityName":"crd1b_reports_general_links","recordId":"@triggerOutputs()?['body/crd1b_reports_general_linkid']","item/crd1b_BenEnv_Acc@odata.bind":"\\accounts\\53e1185f-ff6a-ed11-81ac-00224842b6ce"},"authentication":"@parameters('$authentication')"}}},"runAfter":{},"else":{"actions":{"Condition_2":{"actions":{},"runAfter":{},"expression":{"equals":["@triggerOutputs()?['body/_crd1b_benson_environment_value']",""]},"metadata":{"operationMetadataId":"3c1952db-eb56-4259-8271-637df3decc04"},"type":"If"}}},"expression":{"equals":["@triggerOutputs()?['body/_crd1b_benson_environment_value']","@outputs('Get_a_row_by_ID-Benson-environment(CM)')?['body/crd1b_benson_environmentsid']"]},"metadata":{"operationMetadataId":"bad0963b-565c-4e6d-9ce3-458e8d40a488"},"type":"If"}}},"expression":{"equals":["@triggerOutputs()?['body/_crd1b_benson_environment_value']","@outputs('Get_a_row_by_ID_2-Benson-Environments_(CN)')?['body/crd1b_benson_environmentsid']"]},"metadata":{"operationMetadataId":"1d9a0f44-d30f-432a-997a-4a8c86681dc9"},"type":"If"}}},"connectionReferences":{"shared_commondataserviceforapps":{"connectionName":"shared-commondataser-39e8fd86-d6a8-4775-aeb5-503d0368ec65","source":"Embedded","id":"/providers/Microsoft.PowerApps/apis/shared_commondataserviceforapps","tier":"NotSpecified"}},"flowFailureAlertSubscribed":false,"isManaged":false}}