{"name":"b434257b-1760-4eac-b0e9-1c8be4aef90f","id":"/providers/Microsoft.Flow/flows/b434257b-1760-4eac-b0e9-1c8be4aef90f","type":"Microsoft.Flow/flows","properties":{"apiId":"/providers/Microsoft.PowerApps/apis/shared_logicflows","displayName":"User removed from azure groups If he is not assigned any group 2","definition":{"metadata":{"workflowEntityId":null,"processAdvisorMetadata":null,"flowChargedByPaygo":null,"flowclientsuspensionreason":"None","flowclientsuspensiontime":null,"flowclientsuspensionreasondetails":null,"creator":{"id":"355cc8d9-b30d-42c7-97a2-c3a9c1726dfe","type":"User","tenantId":"1308b4fd-10ab-4788-bf1b-04250b1b01fc"},"provisioningMethod":"FromDefinition","failureAlertSubscription":true,"clientLastModifiedTime":"2023-07-25T17:18:13.576168Z"},"$schema":"https://schema.management.azure.com/providers/Microsoft.Logic/schemas/2016-06-01/workflowdefinition.json#","contentVersion":"1.0.0.0","parameters":{"$connections":{"defaultValue":{},"type":"Object"},"$authentication":{"defaultValue":{},"type":"SecureObject"}},"triggers":{"When_a_row_is_added,_modified_or_deleted":{"metadata":{"operationMetadataId":"4f5396a1-20c5-4407-943f-8d781e74d442"},"type":"OpenApiConnectionWebhook","inputs":{"host":{"apiId":"/providers/Microsoft.PowerApps/apis/shared_commondataserviceforapps","connectionName":"shared_commondataserviceforapps","operationId":"SubscribeWebhookTrigger"},"parameters":{"subscriptionRequest/message":4,"subscriptionRequest/entityname":"contact","subscriptionRequest/scope":4},"authentication":"@parameters('$authentication')"}}},"actions":{"Search_for_users_(V2)":{"runAfter":{},"metadata":{"operationMetadataId":"2081f1cf-b4ef-4d85-b3f3-a6b37bfbbff9"},"type":"OpenApiConnection","inputs":{"host":{"apiId":"/providers/Microsoft.PowerApps/apis/shared_office365users","connectionName":"shared_office365users_1","operationId":"SearchUserV2"},"parameters":{"searchTerm":"@triggerOutputs()?['body/contactid']","isSearchTermRequired":true},"authentication":"@parameters('$authentication')"}},"Condition":{"actions":{"Get_SFT_group_members":{"runAfter":{},"metadata":{"operationMetadataId":"25af83d6-d92f-421c-acde-ea1fad3f819e"},"type":"OpenApiConnection","inputs":{"host":{"apiId":"/providers/Microsoft.PowerApps/apis/shared_azuread","connectionName":"shared_azuread_1","operationId":"GetGroupMembers"},"parameters":{"id":"d5589725-8e2e-4f4c-b8f0-3ec0c6c61fcd"},"authentication":"@parameters('$authentication')"}},"Filter_array-_Filter_SFT_Member":{"runAfter":{"Get_SFT_group_members":["Succeeded"]},"metadata":{"operationMetadataId":"a6873835-bce3-4277-a906-a3c42f259c74"},"type":"Query","inputs":{"from":"@outputs('Get_SFT_group_members')?['body/value']","where":"@equals(item()?['mail'], triggerOutputs()?['body/emailaddress1'])"}},"Apply_to_each_3-_Get_SFT_Member":{"foreach":"@body('Filter_array-_Filter_SFT_Member')","actions":{"Get_user_2":{"runAfter":{},"metadata":{"operationMetadataId":"9b1f0188-de52-4483-b2e8-384364ef997a"},"type":"OpenApiConnection","inputs":{"host":{"apiId":"/providers/Microsoft.PowerApps/apis/shared_azuread","connectionName":"shared_azuread_1","operationId":"GetUser"},"parameters":{"id":"@items('Apply_to_each_3-_Get_SFT_Member')?['id']"},"authentication":"@parameters('$authentication')"}}},"runAfter":{"Filter_array-_Filter_SFT_Member":["Succeeded"]},"metadata":{"operationMetadataId":"c14c9cd3-0888-49fb-b2f1-b9af9bdf12d4"},"type":"Foreach"},"Apply_to_each":{"foreach":"@body('Filter_array-_Filter_SFT_Member')","actions":{"Remove_Member_From_Group_2":{"runAfter":{},"metadata":{"operationMetadataId":"0c358b02-5eaa-4153-af85-0b2eca36cccc"},"type":"OpenApiConnection","inputs":{"host":{"apiId":"/providers/Microsoft.PowerApps/apis/shared_azuread","connectionName":"shared_azuread_1","operationId":"RemoveMemberFromGroup"},"parameters":{"groupId":"d5589725-8e2e-4f4c-b8f0-3ec0c6c61fcd","memberId":"@items('Apply_to_each')?['id']"},"authentication":"@parameters('$authentication')"}}},"runAfter":{"Apply_to_each_3-_Get_SFT_Member":["Succeeded"]},"metadata":{"operationMetadataId":"11a00760-9d45-4d9c-a8c9-e285286b0ada"},"type":"Foreach"}},"runAfter":{"Search_for_users_(V2)":["Succeeded"]},"expression":{"not":{"equals":["@triggerOutputs()?['body/_parentcustomerid_value']","74a79bdc-6369-ed11-81ac-00224842b6ce"]}},"metadata":{"operationMetadataId":"e90767d4-e152-4c2a-acd8-383a10037681"},"type":"If"},"Condition_2":{"actions":{"Get_group_SUS_members":{"runAfter":{},"metadata":{"operationMetadataId":"0d6ef4fb-14a4-41e9-909b-f2e05e625ea9"},"type":"OpenApiConnection","inputs":{"host":{"apiId":"/providers/Microsoft.PowerApps/apis/shared_azuread","connectionName":"shared_azuread_1","operationId":"GetGroupMembers"},"parameters":{"id":"b2dbd5a7-ea45-4c1e-bcd4-ea18fe064935"},"authentication":"@parameters('$authentication')"}},"Filter_array_2-Filter_SUS_User":{"runAfter":{"Get_group_SUS_members":["Succeeded"]},"metadata":{"operationMetadataId":"ab0c9ea5-bfa9-4382-9558-8828958145e3"},"type":"Query","inputs":{"from":"@outputs('Get_group_SUS_members')?['body/value']","where":"@equals(item()?['mail'], triggerOutputs()?['body/emailaddress1'])"}},"Apply_to_each_2-_Get_SUS_User":{"foreach":"@body('Filter_array_2-Filter_SUS_User')","actions":{"Get_user":{"runAfter":{},"metadata":{"operationMetadataId":"8e0bc22c-21fb-447a-bead-08fab8344211"},"type":"OpenApiConnection","inputs":{"host":{"apiId":"/providers/Microsoft.PowerApps/apis/shared_azuread","connectionName":"shared_azuread_1","operationId":"GetUser"},"parameters":{"id":"@items('Apply_to_each_2-_Get_SUS_User')?['id']"},"authentication":"@parameters('$authentication')"}}},"runAfter":{"Filter_array_2-Filter_SUS_User":["Succeeded"]},"metadata":{"operationMetadataId":"7c6e2d5e-9694-4744-a547-261b10d561db"},"type":"Foreach"},"Apply_to_each_2-_Remove_SUS_Member":{"foreach":"@body('Filter_array_2-Filter_SUS_User')","actions":{"Remove_Member_From_Group":{"runAfter":{},"metadata":{"operationMetadataId":"adc73093-e286-4633-b68f-6de9c4642858"},"type":"OpenApiConnection","inputs":{"host":{"apiId":"/providers/Microsoft.PowerApps/apis/shared_azuread","connectionName":"shared_azuread_1","operationId":"RemoveMemberFromGroup"},"parameters":{"groupId":"b2dbd5a7-ea45-4c1e-bcd4-ea18fe064935","memberId":"@items('Apply_to_each_2-_Remove_SUS_Member')?['id']"},"authentication":"@parameters('$authentication')"}}},"runAfter":{"Apply_to_each_2-_Get_SUS_User":["Succeeded"]},"metadata":{"operationMetadataId":"9c4d7a79-4bfe-41cc-a20e-ee7ff1a9caaa"},"type":"Foreach"}},"runAfter":{"Condition":["Succeeded"]},"expression":{"not":{"equals":["@triggerOutputs()?['body/_parentcustomerid_value']","806efecd-6369-ed11-81ac-00224842b6ce"]}},"metadata":{"operationMetadataId":"7606c7d7-55d2-46fb-bc36-de27eb29d326"},"type":"If"}}},"connectionReferences":{"shared_office365users_1":{"connectionName":"shared-office365user-724e91ca-e0a0-408e-acaf-d336eaa96a05","source":"Embedded","id":"/providers/Microsoft.PowerApps/apis/shared_office365users","tier":"NotSpecified"},"shared_azuread_1":{"connectionName":"shared-azuread-05cbf330-d8c6-408f-adbc-cb634559fc1b","source":"Embedded","id":"/providers/Microsoft.PowerApps/apis/shared_azuread","tier":"NotSpecified"},"shared_commondataserviceforapps":{"connectionName":"shared-commondataser-39e8fd86-d6a8-4775-aeb5-503d0368ec65","source":"Embedded","id":"/providers/Microsoft.PowerApps/apis/shared_commondataserviceforapps","tier":"NotSpecified"}},"flowFailureAlertSubscribed":false,"isManaged":false}}