{"name":"699d0fb9-0a79-4de3-b369-a30431202771","id":"/providers/Microsoft.Flow/flows/699d0fb9-0a79-4de3-b369-a30431202771","type":"Microsoft.Flow/flows","properties":{"apiId":"/providers/Microsoft.PowerApps/apis/shared_logicflows","displayName":"Assign Users to their Specific group 2","definition":{"metadata":{"workflowEntityId":null,"processAdvisorMetadata":null,"flowChargedByPaygo":null,"flowclientsuspensionreason":"None","flowclientsuspensiontime":null,"flowclientsuspensionreasondetails":null,"creator":{"id":"355cc8d9-b30d-42c7-97a2-c3a9c1726dfe","type":"User","tenantId":"1308b4fd-10ab-4788-bf1b-04250b1b01fc"},"provisioningMethod":"FromDefinition","failureAlertSubscription":true,"clientLastModifiedTime":"2023-07-25T17:37:48.16607Z"},"$schema":"https://schema.management.azure.com/providers/Microsoft.Logic/schemas/2016-06-01/workflowdefinition.json#","contentVersion":"1.0.0.0","parameters":{"$connections":{"defaultValue":{},"type":"Object"},"$authentication":{"defaultValue":{},"type":"SecureObject"}},"triggers":{"When_a_row_is_added,_modified_or_deleted":{"metadata":{"operationMetadataId":"de5e572a-b45c-47a2-8d5c-03c7defd5506"},"type":"OpenApiConnectionWebhook","inputs":{"host":{"apiId":"/providers/Microsoft.PowerApps/apis/shared_commondataserviceforapps","connectionName":"shared_commondataserviceforapps","operationId":"SubscribeWebhookTrigger"},"parameters":{"subscriptionRequest/message":4,"subscriptionRequest/entityname":"contact","subscriptionRequest/scope":4},"authentication":"@parameters('$authentication')"}}},"actions":{"Search_for_users_(V2)":{"runAfter":{},"metadata":{"operationMetadataId":"babef84b-04cd-4b77-b178-42e41fbffefe"},"type":"OpenApiConnection","inputs":{"host":{"apiId":"/providers/Microsoft.PowerApps/apis/shared_office365users","connectionName":"shared_office365users_1","operationId":"SearchUserV2"},"parameters":{"searchTerm":"@triggerOutputs()?['body/emailaddress1']","top":1,"isSearchTermRequired":true},"authentication":"@parameters('$authentication')"}},"If_Company_name_is_SFT":{"actions":{"Apply_to_each-Remove_Member_From_SUS_test_Group":{"foreach":"@outputs('Search_for_users_(V2)')?['body/value']","actions":{"Remove_Member_From_SUS_test_Group":{"runAfter":{},"metadata":{"operationMetadataId":"0f10bd52-a8e9-4f7a-a9c0-2baa23a672bc"},"type":"OpenApiConnection","inputs":{"host":{"apiId":"/providers/Microsoft.PowerApps/apis/shared_azuread","connectionName":"shared_azuread_1","operationId":"RemoveMemberFromGroup"},"parameters":{"groupId":"b2dbd5a7-ea45-4c1e-bcd4-ea18fe064935","memberId":"@items('Apply_to_each-Remove_Member_From_SUS_test_Group')?['Id']"},"authentication":"@parameters('$authentication')"}}},"runAfter":{"Apply_to_each-Add_user_to_SFT_test_group_":["Succeeded"]},"metadata":{"operationMetadataId":"d628082f-9006-43ba-af95-33346660f4a7"},"type":"Foreach"},"Apply_to_each-Add_user_to_SFT_test_group_":{"foreach":"@outputs('Search_for_users_(V2)')?['body/value']","actions":{"Add_user_to_SFT_test_group_":{"runAfter":{},"metadata":{"operationMetadataId":"2cd18d79-fc76-4105-9f56-8489e533eb41"},"type":"OpenApiConnection","inputs":{"host":{"apiId":"/providers/Microsoft.PowerApps/apis/shared_azuread","connectionName":"shared_azuread_1","operationId":"AddUserToGroup"},"parameters":{"id":"d5589725-8e2e-4f4c-b8f0-3ec0c6c61fcd","body/@odata.id":"@items('Apply_to_each-Add_user_to_SFT_test_group_')?['Id']"},"authentication":"@parameters('$authentication')"}}},"runAfter":{},"metadata":{"operationMetadataId":"bc0d6b9c-2a6f-4757-86dd-8e83667ab4f3"},"type":"Foreach"}},"runAfter":{"Search_for_users_(V2)":["Succeeded"]},"else":{"actions":{"If_Company_name_is_SUS":{"actions":{"Apply_to_each-Add_user_to_SUS_test_group":{"foreach":"@outputs('Search_for_users_(V2)')?['body/value']","actions":{"Add_user_to_SUS_test_group":{"runAfter":{},"metadata":{"operationMetadataId":"796db32e-ed2e-49e5-9882-c74944a3bd47"},"type":"OpenApiConnection","inputs":{"host":{"apiId":"/providers/Microsoft.PowerApps/apis/shared_azuread","connectionName":"shared_azuread_1","operationId":"AddUserToGroup"},"parameters":{"id":"b2dbd5a7-ea45-4c1e-bcd4-ea18fe064935","body/@odata.id":"@items('Apply_to_each-Add_user_to_SUS_test_group')?['Id']"},"authentication":"@parameters('$authentication')"}}},"runAfter":{},"metadata":{"operationMetadataId":"2703f3a7-2a55-4901-9a13-cc98305c75ee"},"type":"Foreach"},"Apply_to_each-Remove_Member_From_SFT_test_Group":{"foreach":"@outputs('Search_for_users_(V2)')?['body/value']","actions":{"Remove_Member_From_SFT_test_Group":{"runAfter":{},"metadata":{"operationMetadataId":"d9930dd3-8fd0-44ad-80ec-5f1bfc0defba"},"type":"OpenApiConnection","inputs":{"host":{"apiId":"/providers/Microsoft.PowerApps/apis/shared_azuread","connectionName":"shared_azuread_1","operationId":"RemoveMemberFromGroup"},"parameters":{"groupId":"d5589725-8e2e-4f4c-b8f0-3ec0c6c61fcd","memberId":"@items('Apply_to_each-Remove_Member_From_SFT_test_Group')?['Id']"},"authentication":"@parameters('$authentication')"}}},"runAfter":{"Apply_to_each-Add_user_to_SUS_test_group":["Succeeded"]},"metadata":{"operationMetadataId":"aa394427-9725-4c36-98c8-cc073bff734d"},"type":"Foreach"}},"runAfter":{},"expression":{"equals":["@triggerOutputs()?['body/_parentcustomerid_value']","806efecd-6369-ed11-81ac-00224842b6ce"]},"metadata":{"operationMetadataId":"175ad4fb-05f4-4c97-b92c-b5cda398ceee"},"type":"If"}}},"expression":{"equals":["@triggerOutputs()?['body/_parentcustomerid_value']","74a79bdc-6369-ed11-81ac-00224842b6ce"]},"metadata":{"operationMetadataId":"7736ce01-8751-4228-bb85-6daaf81eac87"},"type":"If"}}},"connectionReferences":{"shared_office365users_1":{"connectionName":"shared-office365user-724e91ca-e0a0-408e-acaf-d336eaa96a05","source":"Embedded","id":"/providers/Microsoft.PowerApps/apis/shared_office365users","tier":"NotSpecified"},"shared_azuread_1":{"connectionName":"shared-azuread-05cbf330-d8c6-408f-adbc-cb634559fc1b","source":"Embedded","id":"/providers/Microsoft.PowerApps/apis/shared_azuread","tier":"NotSpecified"},"shared_commondataserviceforapps":{"connectionName":"shared-commondataser-39e8fd86-d6a8-4775-aeb5-503d0368ec65","source":"Embedded","id":"/providers/Microsoft.PowerApps/apis/shared_commondataserviceforapps","tier":"NotSpecified"}},"flowFailureAlertSubscribed":false,"isManaged":false}}