{"name":"4ccdab68-e377-411c-8988-056c32a6485d","id":"/providers/Microsoft.Flow/flows/4ccdab68-e377-411c-8988-056c32a6485d","type":"Microsoft.Flow/flows","properties":{"apiId":"/providers/Microsoft.PowerApps/apis/shared_logicflows","displayName":"mapping values","definition":{"metadata":{"workflowEntityId":null,"processAdvisorMetadata":null,"flowclientsuspensionreason":"None","flowclientsuspensiontime":null,"flowclientsuspensionreasondetails":null,"creator":{"id":"0a551f6e-be78-4f01-8c67-20765148c14a","type":"User","tenantId":"1308b4fd-10ab-4788-bf1b-04250b1b01fc"},"provisioningMethod":"FromDefinition","failureAlertSubscription":true,"clientLastModifiedTime":"2022-11-28T09:44:09.3653998Z"},"$schema":"https://schema.management.azure.com/providers/Microsoft.Logic/schemas/2016-06-01/workflowdefinition.json#","contentVersion":"1.0.0.0","parameters":{"$connections":{"defaultValue":{},"type":"Object"},"$authentication":{"defaultValue":{},"type":"SecureObject"}},"triggers":{"When_a_new_response_is_submitted":{"splitOn":"@triggerOutputs()?['body/value']","metadata":{"operationMetadataId":"e9431614-3268-49eb-801c-b623241af50f"},"type":"OpenApiConnectionWebhook","inputs":{"host":{"apiId":"/providers/Microsoft.PowerApps/apis/shared_microsoftforms","connectionName":"shared_microsoftforms","operationId":"CreateFormWebhook"},"parameters":{"form_id":"_bQIE6sQiEe_GwQlCxsB_G4fVQp4vgFPjGcgdlFIwUpURDBDQ08yNDAyUEtCUVMyM0pINjBWVkRZQS4u"},"authentication":"@parameters('$authentication')"}}},"actions":{"List_rows":{"runAfter":{"Initialize_variable":["Succeeded"]},"metadata":{"operationMetadataId":"a648cca6-3d1d-49a4-98ff-82fbf42faaeb"},"type":"OpenApiConnection","inputs":{"host":{"apiId":"/providers/Microsoft.PowerApps/apis/shared_commondataserviceforapps","connectionName":"shared_commondataserviceforapps","operationId":"ListRecords"},"parameters":{"entityName":"crd1b_benactprofileses"},"authentication":"@parameters('$authentication')"}},"Apply_to_each":{"foreach":"@outputs('List_rows')?['body/value']","actions":{"Apply_to_each_2":{"foreach":"@outputs('List_rows_2')?['body/value']","actions":{"Condition":{"actions":{"Update_a_row":{"runAfter":{},"metadata":{"operationMetadataId":"9a975f46-7ae1-498b-aa28-bab335dc9fd1"},"type":"OpenApiConnection","inputs":{"host":{"apiId":"/providers/Microsoft.PowerApps/apis/shared_commondataserviceforapps","connectionName":"shared_commondataserviceforapps","operationId":"UpdateRecord"},"parameters":{"entityName":"crd1b_benactmapses","recordId":"@items('Apply_to_each_2')?['crd1b_benactmapsid']","item/crd1b_BenactCode1@odata.bind":"/systemusers(@{items('Apply_to_each')?['crd1b_benactprofilesid']})"},"authentication":"@parameters('$authentication')"}}},"runAfter":{},"expression":{"equals":["@items('Apply_to_each')?['crd1b_field_0']","@items('Apply_to_each_2')?['crd1b_benactcode']"]},"metadata":{"operationMetadataId":"80c3885d-300b-4048-8199-31e33a92c558"},"type":"If"}},"runAfter":{},"metadata":{"operationMetadataId":"d022d213-d6a6-4cd4-bacf-0aca987430e8"},"type":"Foreach"}},"runAfter":{"List_rows_2":["Succeeded"]},"metadata":{"operationMetadataId":"1e37e9f1-25b8-4edc-b349-ba986c81f22b"},"type":"Foreach"},"Initialize_variable":{"runAfter":{},"metadata":{"operationMetadataId":"6ce6d4ed-e916-4140-a75f-100d2f9c3701"},"type":"InitializeVariable","inputs":{"variables":[{"name":"temp","type":"string"}]}},"List_rows_2":{"runAfter":{"List_rows":["Succeeded"]},"metadata":{"operationMetadataId":"17eb9c8e-675d-44a1-9368-69889361a83c"},"type":"OpenApiConnection","inputs":{"host":{"apiId":"/providers/Microsoft.PowerApps/apis/shared_commondataserviceforapps","connectionName":"shared_commondataserviceforapps","operationId":"ListRecords"},"parameters":{"entityName":"crd1b_benactmapses"},"authentication":"@parameters('$authentication')"}}}},"connectionReferences":{"shared_commondataserviceforapps":{"connectionName":"shared-commondataser-e5640ddd-2554-497c-bb96-07b36c9362ae","source":"Embedded","id":"/providers/Microsoft.PowerApps/apis/shared_commondataserviceforapps","tier":"NotSpecified"},"shared_microsoftforms":{"connectionName":"shared-microsoftform-ac0d8f2f-14f2-47c1-a928-182a808482e7","source":"Embedded","id":"/providers/Microsoft.PowerApps/apis/shared_microsoftforms","tier":"NotSpecified"}},"flowFailureAlertSubscribed":false,"isManaged":false}}