{"name":"bf26226e-7fb4-4d67-8097-7e00b10da44d","id":"/providers/Microsoft.Flow/flows/bf26226e-7fb4-4d67-8097-7e00b10da44d","type":"Microsoft.Flow/flows","properties":{"apiId":"/providers/Microsoft.PowerApps/apis/shared_logicflows","displayName":"Button -> List rows,Apply to each,Initialize variable,Condition,Lis...","definition":{"metadata":{"workflowEntityId":null,"processAdvisorMetadata":null,"flowclientsuspensionreason":"None","flowclientsuspensiontime":null,"flowclientsuspensionreasondetails":null,"creator":{"id":"0a551f6e-be78-4f01-8c67-20765148c14a","type":"User","tenantId":"1308b4fd-10ab-4788-bf1b-04250b1b01fc"},"provisioningMethod":"FromDefinition","failureAlertSubscription":true,"clientLastModifiedTime":"2022-12-01T09:50:10.8195856Z"},"$schema":"https://schema.management.azure.com/providers/Microsoft.Logic/schemas/2016-06-01/workflowdefinition.json#","contentVersion":"1.0.0.0","parameters":{"$connections":{"defaultValue":{},"type":"Object"},"$authentication":{"defaultValue":{},"type":"SecureObject"}},"triggers":{"manual":{"metadata":{"operationMetadataId":"b92b1667-0f7c-462f-9d9a-8c87e49eb952"},"type":"Request","kind":"Button","inputs":{"schema":{"type":"object","properties":{"key-button-date":{"title":"Date","type":"string","x-ms-dynamically-added":false},"location":{"type":"object","properties":{"fullAddress":{"title":"Full address","type":"string","x-ms-dynamically-added":false},"address":{"type":"object","properties":{"countryOrRegion":{"title":"Country/Region","type":"string","x-ms-dynamically-added":false},"city":{"title":"City","type":"string","x-ms-dynamically-added":false},"state":{"title":"State","type":"string","x-ms-dynamically-added":false},"street":{"title":"Street","type":"string","x-ms-dynamically-added":false},"postalCode":{"title":"Postal code","type":"string","x-ms-dynamically-added":false}},"required":["countryOrRegion","city","state","street","postalCode"]},"coordinates":{"type":"object","properties":{"latitude":{"title":"Latitude","type":"number","x-ms-dynamically-added":false},"longitude":{"title":"Longitude","type":"number","x-ms-dynamically-added":false}},"required":["latitude","longitude"]}}}},"required":["key-button-date","location"]},"headersSchema":{"x-ms-user-name-encoded":{"title":"User name","type":"string","format":"byte","x-ms-dynamically-added":false},"x-ms-user-email-encoded":{"title":"User email","type":"string","format":"byte","x-ms-dynamically-added":false},"x-ms-user-timestamp":{"title":"Timestamp","type":"string","x-ms-dynamically-added":false}}}}},"actions":{"List_rows":{"runAfter":{"Initialize_variable":["Succeeded"]},"metadata":{"operationMetadataId":"8c369f75-a7e1-45e5-9e52-5ad58788bd18"},"type":"OpenApiConnection","inputs":{"host":{"apiId":"/providers/Microsoft.PowerApps/apis/shared_commondataserviceforapps","connectionName":"shared_commondataserviceforapps","operationId":"ListRecords"},"parameters":{"entityName":"crd1b_clientfileses"},"authentication":"@parameters('$authentication')"}},"Apply_to_each":{"foreach":"@outputs('List_rows')?['body/value']","actions":{"Condition":{"actions":{"List_rows_2":{"runAfter":{},"metadata":{"operationMetadataId":"a38c604f-0a4a-49d6-afe9-55d6adb6438b"},"type":"OpenApiConnection","inputs":{"host":{"apiId":"/providers/Microsoft.PowerApps/apis/shared_commondataserviceforapps","connectionName":"shared_commondataserviceforapps","operationId":"ListRecords"},"parameters":{"entityName":"annotations"},"authentication":"@parameters('$authentication')"}},"Apply_to_each_2":{"foreach":"@outputs('List_rows_2')?['body/value']","actions":{"Condition_2":{"actions":{"Create_blob_(V2)":{"runAfter":{},"metadata":{"operationMetadataId":"bc37194d-2ab6-4e09-af18-1262e80a9485"},"type":"OpenApiConnection","inputs":{"host":{"apiId":"/providers/Microsoft.PowerApps/apis/shared_azureblob","connectionName":"shared_azureblob_1","operationId":"CreateFile_V2"},"parameters":{"dataset":"AccountNameFromSettings","folderPath":"/test/abc","name":"@items('Apply_to_each_2')?['filename']","body":"@items('Apply_to_each_2')?['documentbody']","Content-Type":"@items('Apply_to_each_2')?['mimetype']"},"authentication":{"value":"@json(decodeBase64(triggerOutputs().headers['X-MS-APIM-Tokens']))['$ConnectionKey']","type":"Raw"}},"runtimeConfiguration":{"contentTransfer":{"transferMode":"Chunked"}}}},"runAfter":{},"expression":{"equals":["@items('Apply_to_each_2')?['filename']","leicestersquaretheatre_order_142137169.pdf"]},"metadata":{"operationMetadataId":"29f6a59a-c67f-4717-a4a7-6aa2394ea904"},"type":"If"}},"runAfter":{"List_rows_2":["Succeeded"]},"metadata":{"operationMetadataId":"643d1475-72d7-47f5-86c6-fa237efd09a5"},"type":"Foreach"}},"runAfter":{},"expression":{"equals":["@items('Apply_to_each')?['crd1b_clientcode1']","KKK"]},"metadata":{"operationMetadataId":"df37c227-1572-4efc-81d8-8a322ca743a9"},"type":"If"}},"runAfter":{"List_rows":["Succeeded"]},"metadata":{"operationMetadataId":"5cfba27d-1939-4f6e-a7fa-01cd9fb15870"},"type":"Foreach"},"Initialize_variable":{"runAfter":{},"metadata":{"operationMetadataId":"abe51882-2053-43be-a99f-e50e104cdbe8"},"type":"InitializeVariable","inputs":{"variables":[{"name":"temp","type":"string"}]}}},"outputs":{}},"connectionReferences":{"shared_commondataserviceforapps":{"connectionName":"shared-commondataser-e5640ddd-2554-497c-bb96-07b36c9362ae","source":"Embedded","id":"/providers/Microsoft.PowerApps/apis/shared_commondataserviceforapps","tier":"NotSpecified"},"shared_azureblob_1":{"connectionName":"shared-azureblob-e92e55d0-36dd-48fd-b480-984b4c28126c","source":"Invoker","id":"/providers/Microsoft.PowerApps/apis/shared_azureblob","tier":"NotSpecified"}},"flowFailureAlertSubscribed":false,"isManaged":false}}