{"name":"e39de3b4-9368-4cb7-8318-ddc4148c58a0","id":"/providers/Microsoft.Flow/flows/e39de3b4-9368-4cb7-8318-ddc4148c58a0","type":"Microsoft.Flow/flows","properties":{"apiId":"/providers/Microsoft.PowerApps/apis/shared_logicflows","displayName":"Assigning Web Role","definition":{"metadata":{"workflowEntityId":null,"processAdvisorMetadata":null,"flowclientsuspensionreason":"None","flowclientsuspensiontime":null,"flowclientsuspensionreasondetails":null,"creator":{"id":"0a551f6e-be78-4f01-8c67-20765148c14a","type":"User","tenantId":"1308b4fd-10ab-4788-bf1b-04250b1b01fc"},"provisioningMethod":"FromDefinition","failureAlertSubscription":true,"clientLastModifiedTime":"2022-12-16T10:50:27.054137Z"},"$schema":"https://schema.management.azure.com/providers/Microsoft.Logic/schemas/2016-06-01/workflowdefinition.json#","contentVersion":"1.0.0.0","parameters":{"$connections":{"defaultValue":{},"type":"Object"},"$authentication":{"defaultValue":{},"type":"SecureObject"}},"triggers":{"When_a_row_is_added,_modified_or_deleted":{"metadata":{"operationMetadataId":"d344feae-8652-40f9-b63f-460a88cc706b"},"type":"OpenApiConnectionWebhook","inputs":{"host":{"apiId":"/providers/Microsoft.PowerApps/apis/shared_commondataserviceforapps","connectionName":"shared_commondataserviceforapps","operationId":"SubscribeWebhookTrigger"},"parameters":{"subscriptionRequest/message":3,"subscriptionRequest/entityname":"contact","subscriptionRequest/scope":4},"authentication":"@parameters('$authentication')"}}},"actions":{"Initialize_variable":{"runAfter":{},"metadata":{"operationMetadataId":"35a0c51e-9747-4e47-b8f0-9c6d72d2a905"},"type":"InitializeVariable","inputs":{"variables":[{"name":"temp-client","type":"string","value":"@triggerOutputs()?['body/_crd1b_role_value']"}]}},"Get_a_row_by_ID":{"runAfter":{"Initialize_variable":["Succeeded"]},"metadata":{"operationMetadataId":"98fabfcb-8b66-4129-a77c-3bc3f390b263"},"type":"OpenApiConnection","inputs":{"host":{"apiId":"/providers/Microsoft.PowerApps/apis/shared_commondataserviceforapps","connectionName":"shared_commondataserviceforapps","operationId":"GetItem"},"parameters":{"entityName":"contacts","recordId":"@triggerOutputs()?['body/contactid']"},"authentication":"@parameters('$authentication')"}},"remove_global_admin":{"runAfter":{"Get_a_row_by_ID":["Succeeded"]},"metadata":{"operationMetadataId":"980351b3-38cb-477f-8ab6-0bcdb23a591b"},"type":"OpenApiConnection","inputs":{"host":{"apiId":"/providers/Microsoft.PowerApps/apis/shared_commondataserviceforapps","connectionName":"shared_commondataserviceforapps","operationId":"DisassociateEntities"},"parameters":{"entityName":"contacts","recordId":"@outputs('Get_a_row_by_ID')?['body/contactid']","associationEntityRelationship":"adx_webrole_contact","$id":"https://org821a1fe3.crm11.dynamics.com/api/data/v9.1/adx_webroles(2dd232c1-e023-ed11-9db2-00224842b6ce)"},"authentication":"@parameters('$authentication')"}},"remove_global_dev":{"runAfter":{"remove_global_admin":["Succeeded"]},"metadata":{"operationMetadataId":"a5e62556-5a17-482c-b741-d3941199b388"},"type":"OpenApiConnection","inputs":{"host":{"apiId":"/providers/Microsoft.PowerApps/apis/shared_commondataserviceforapps","connectionName":"shared_commondataserviceforapps","operationId":"DisassociateEntities"},"parameters":{"entityName":"contacts","recordId":"@outputs('Get_a_row_by_ID')?['body/contactid']","associationEntityRelationship":"adx_webrole_contact","$id":"https://org821a1fe3.crm11.dynamics.com/api/data/v9.1/adx_webroles(8a500cc9-4567-ed11-9561-00224842b6ce)"},"authentication":"@parameters('$authentication')"}},"remove_client_admin":{"runAfter":{"remove_global_dev":["Succeeded"]},"metadata":{"operationMetadataId":"1b9e8dfd-d83d-41b5-82de-c7a1e5a8ba4a"},"type":"OpenApiConnection","inputs":{"host":{"apiId":"/providers/Microsoft.PowerApps/apis/shared_commondataserviceforapps","connectionName":"shared_commondataserviceforapps","operationId":"DisassociateEntities"},"parameters":{"entityName":"contacts","recordId":"@triggerOutputs()?['body/contactid']","associationEntityRelationship":"adx_webrole_contact","$id":"https://org821a1fe3.crm11.dynamics.com/api/data/v9.1/adx_webroles(2e8832ab-4567-ed11-9561-00224842b6ce)"},"authentication":"@parameters('$authentication')"}},"remove_data_admin":{"runAfter":{"remove_client_admin":["Succeeded"]},"metadata":{"operationMetadataId":"15c45588-21e8-43c9-8989-9575a377cb3b"},"type":"OpenApiConnection","inputs":{"host":{"apiId":"/providers/Microsoft.PowerApps/apis/shared_commondataserviceforapps","connectionName":"shared_commondataserviceforapps","operationId":"DisassociateEntities"},"parameters":{"entityName":"contacts","recordId":"@triggerOutputs()?['body/contactid']","associationEntityRelationship":"adx_webrole_contact","$id":"https://org821a1fe3.crm11.dynamics.com/api/data/v9.1/adx_webroles(7d7dfdbb-4567-ed11-9561-00224842b6ce)"},"authentication":"@parameters('$authentication')"}},"remove_client_user":{"runAfter":{"remove_data_admin":["Succeeded"]},"metadata":{"operationMetadataId":"36e93118-6a44-4e7d-90db-6af097ae66f7"},"type":"OpenApiConnection","inputs":{"host":{"apiId":"/providers/Microsoft.PowerApps/apis/shared_commondataserviceforapps","connectionName":"shared_commondataserviceforapps","operationId":"DisassociateEntities"},"parameters":{"entityName":"contacts","recordId":"@outputs('Get_a_row_by_ID')?['body/contactid']","associationEntityRelationship":"adx_webrole_contact","$id":"https://org821a1fe3.crm11.dynamics.com/api/data/v9.1/adx_webroles(0cb017cf-4567-ed11-9561-00224842b6ce)"},"authentication":"@parameters('$authentication')"}},"Check_global_Admin":{"actions":{"Administrator":{"runAfter":{},"metadata":{"operationMetadataId":"97a786f6-576e-4853-87af-753117b5276a"},"type":"OpenApiConnection","inputs":{"host":{"apiId":"/providers/Microsoft.PowerApps/apis/shared_commondataserviceforapps","connectionName":"shared_commondataserviceforapps","operationId":"AssociateEntities"},"parameters":{"entityName":"contacts","recordId":"@outputs('Get_a_row_by_ID')?['body/contactid']","associationEntityRelationship":"adx_webrole_contact","item/@odata.id":"https://org821a1fe3.crm11.dynamics.com/api/data/v9.1/adx_webroles(2dd232c1-e023-ed11-9db2-00224842b6ce)"},"authentication":"@parameters('$authentication')"}}},"runAfter":{"Apply_to_each_2":["Succeeded"]},"else":{"actions":{"Check_global_Dev":{"actions":{"Global_Dev":{"runAfter":{},"metadata":{"operationMetadataId":"2c3bb842-202d-486a-ba4e-4a7b95ed36ec"},"type":"OpenApiConnection","inputs":{"host":{"apiId":"/providers/Microsoft.PowerApps/apis/shared_commondataserviceforapps","connectionName":"shared_commondataserviceforapps","operationId":"AssociateEntities"},"parameters":{"entityName":"contacts","recordId":"@outputs('Get_a_row_by_ID')?['body/contactid']","associationEntityRelationship":"adx_webrole_contact","item/@odata.id":"https://org821a1fe3.crm11.dynamics.com/api/data/v9.1/adx_webroles(8a500cc9-4567-ed11-9561-00224842b6ce)"},"authentication":"@parameters('$authentication')"}}},"runAfter":{},"else":{"actions":{"Check_client_admin":{"actions":{"Client_admin":{"runAfter":{},"metadata":{"operationMetadataId":"c068309c-fe74-43ba-b65b-61b64fa3490a"},"type":"OpenApiConnection","inputs":{"host":{"apiId":"/providers/Microsoft.PowerApps/apis/shared_commondataserviceforapps","connectionName":"shared_commondataserviceforapps","operationId":"AssociateEntities"},"parameters":{"entityName":"contacts","recordId":"@triggerOutputs()?['body/contactid']","associationEntityRelationship":"adx_webrole_contact","item/@odata.id":"https://org821a1fe3.crm11.dynamics.com/api/data/v9.1/adx_webroles(2e8832ab-4567-ed11-9561-00224842b6ce)"},"authentication":"@parameters('$authentication')"}}},"runAfter":{},"else":{"actions":{"check_Data_Admin":{"actions":{"data_admin":{"runAfter":{},"metadata":{"operationMetadataId":"8a15d1da-cd14-42d4-8ac5-40875de8c45f"},"type":"OpenApiConnection","inputs":{"host":{"apiId":"/providers/Microsoft.PowerApps/apis/shared_commondataserviceforapps","connectionName":"shared_commondataserviceforapps","operationId":"AssociateEntities"},"parameters":{"entityName":"contacts","recordId":"@triggerOutputs()?['body/contactid']","associationEntityRelationship":"adx_webrole_contact","item/@odata.id":"https://org821a1fe3.crm11.dynamics.com/api/data/v9.1/adx_webroles(7d7dfdbb-4567-ed11-9561-00224842b6ce)"},"authentication":"@parameters('$authentication')"}}},"runAfter":{},"else":{"actions":{"Check_client_user":{"actions":{"Client_User":{"runAfter":{},"metadata":{"operationMetadataId":"21c409e8-7375-42a5-815c-c2a7e4781576"},"type":"OpenApiConnection","inputs":{"host":{"apiId":"/providers/Microsoft.PowerApps/apis/shared_commondataserviceforapps","connectionName":"shared_commondataserviceforapps","operationId":"AssociateEntities"},"parameters":{"entityName":"contacts","recordId":"@outputs('Get_a_row_by_ID')?['body/contactid']","associationEntityRelationship":"adx_webrole_contact","item/@odata.id":"https://org821a1fe3.crm11.dynamics.com/api/data/v9.1/adx_webroles(0cb017cf-4567-ed11-9561-00224842b6ce)"},"authentication":"@parameters('$authentication')"}},"List_rows":{"runAfter":{"Client_User":["Succeeded"]},"metadata":{"operationMetadataId":"1c2b9fe6-66a8-4201-8b5f-0f38ef0ed38b"},"type":"OpenApiConnection","inputs":{"host":{"apiId":"/providers/Microsoft.PowerApps/apis/shared_commondataserviceforapps","connectionName":"shared_commondataserviceforapps","operationId":"ListRecords"},"parameters":{"entityName":"crd1b_clientuserses"},"authentication":"@parameters('$authentication')"}},"Add_a_new_row_2":{"runAfter":{"List_rows":["Succeeded"]},"metadata":{"operationMetadataId":"dfe79a4f-0ac3-4b62-b1b6-1620eecd019f"},"type":"OpenApiConnection","inputs":{"host":{"apiId":"/providers/Microsoft.PowerApps/apis/shared_commondataserviceforapps","connectionName":"shared_commondataserviceforapps","operationId":"CreateRecord"},"parameters":{"entityName":"crd1b_clientuserses","item/crd1b_name":"@triggerOutputs()?['body/firstname']","item/crd1b_ClientCode@odata.bind":"/systemusers(@{triggerOutputs()?['body/_parentcustomerid_value']})","item/crd1b_email":"@triggerOutputs()?['body/emailaddress1']","item/crd1b_fullname":"@{triggerOutputs()?['body/firstname']} @{triggerOutputs()?['body/lastname']}","item/crd1b_Role@odata.bind":"/systemusers(0cb017cf-4567-ed11-9561-00224842b6ce)"},"authentication":"@parameters('$authentication')"}}},"runAfter":{},"expression":{"equals":["@triggerOutputs()?['body/_crd1b_role_value']","0cb017cf-4567-ed11-9561-00224842b6ce"]},"metadata":{"operationMetadataId":"71eab369-13cc-49b0-9a49-b9bf7ae918a1"},"type":"If"}}},"expression":{"equals":["@triggerOutputs()?['body/_crd1b_role_value']","7d7dfdbb-4567-ed11-9561-00224842b6ce"]},"metadata":{"operationMetadataId":"ace151ce-97c8-47be-8382-a1f3e9ac4ae5"},"type":"If"}}},"expression":{"equals":["@triggerOutputs()?['body/_crd1b_role_value']","2e8832ab-4567-ed11-9561-00224842b6ce"]},"metadata":{"operationMetadataId":"bcfbf23c-ede6-45d0-9f60-b5ea18975e2f"},"type":"If"}}},"expression":{"equals":["@triggerOutputs()?['body/_crd1b_role_value']","8a500cc9-4567-ed11-9561-00224842b6ce"]},"metadata":{"operationMetadataId":"a907d500-5fe2-4898-95a3-5590e9cb2591"},"type":"If"}}},"expression":{"equals":["@triggerOutputs()?['body/_crd1b_role_value']","2dd232c1-e023-ed11-9db2-00224842b6ce"]},"metadata":{"operationMetadataId":"e571a23b-6f21-4573-bc26-6c1f2d272d6a"},"type":"If"},"List_rows_2":{"runAfter":{"remove_client_user":["Succeeded"]},"metadata":{"operationMetadataId":"4e9b8a6e-a37a-4b0b-b44d-f995c80041e3"},"type":"OpenApiConnection","inputs":{"host":{"apiId":"/providers/Microsoft.PowerApps/apis/shared_commondataserviceforapps","connectionName":"shared_commondataserviceforapps","operationId":"ListRecords"},"parameters":{"entityName":"crd1b_clientuserses","$filter":"crd1b_email eq '@{outputs('Get_a_row_by_ID')?['body/emailaddress1']}'"},"authentication":"@parameters('$authentication')"}},"Apply_to_each_2":{"foreach":"@outputs('List_rows_2')?['body/value']","actions":{"Condition_2":{"actions":{"Delete_a_row":{"runAfter":{},"metadata":{"operationMetadataId":"f6af32a2-5d57-4a10-8873-11c7a48724fc"},"type":"OpenApiConnection","inputs":{"host":{"apiId":"/providers/Microsoft.PowerApps/apis/shared_commondataserviceforapps","connectionName":"shared_commondataserviceforapps","operationId":"DeleteRecord"},"parameters":{"entityName":"crd1b_clientuserses","recordId":"@items('Apply_to_each_2')?['crd1b_clientusersid']"},"authentication":"@parameters('$authentication')"}}},"runAfter":{},"expression":{"equals":["@items('Apply_to_each_2')?['crd1b_email']","@outputs('Get_a_row_by_ID')?['body/emailaddress1']"]},"metadata":{"operationMetadataId":"96044e7e-0550-4ce4-a8b3-a736f10433b2"},"type":"If"}},"runAfter":{"List_rows_2":["Succeeded"]},"metadata":{"operationMetadataId":"df112704-3c88-433e-8183-d7b79e2526b0"},"type":"Foreach"},"Search_for_users_(V2)":{"runAfter":{"Check_global_Admin":["Succeeded"]},"metadata":{"operationMetadataId":"86c8510b-6e1e-4d59-971e-441ea1951266"},"type":"OpenApiConnection","inputs":{"host":{"apiId":"/providers/Microsoft.PowerApps/apis/shared_office365users","connectionName":"shared_office365users","operationId":"SearchUserV2"},"parameters":{"searchTerm":"@triggerOutputs()?['body/emailaddress1']","isSearchTermRequired":true},"authentication":"@parameters('$authentication')"}},"Condition":{"actions":{"Apply_to_each_3":{"foreach":"@outputs('Search_for_users_(V2)')?['body/value']","actions":{"HTTP":{"runAfter":{},"metadata":{"operationMetadataId":"3edb8c08-2a5c-4c64-9dc3-fe50d98a145d"},"type":"Http","inputs":{"method":"PATCH","uri":"https://graph.microsoft.com/v1.0/users/@{items('Apply_to_each_3')?['Id']}","headers":{"Content-type":"application/json"},"body":{"accountEnabled":false},"authentication":{"type":"ActiveDirectoryOAuth","tenant":"1308b4fd-10ab-4788-bf1b-04250b1b01fc","audience":"https://graph.microsoft.com","clientId":"ca53d862-0e46-4da4-8d10-ae9282cc2ffb","secret":"t-d8Q~B3BPdi1wmjiTynb3CH7WNh37WwKMo-ycX6"}}}},"runAfter":{},"metadata":{"operationMetadataId":"8d6a2e63-a157-4fe1-8456-24bdc7eaca1e"},"type":"Foreach"}},"runAfter":{"Search_for_users_(V2)":["Succeeded"]},"else":{"actions":{"Apply_to_each":{"foreach":"@outputs('Search_for_users_(V2)')?['body/value']","actions":{"HTTP_2":{"runAfter":{},"metadata":{"operationMetadataId":"3edb8c08-2a5c-4c64-9dc3-fe50d98a145d"},"type":"Http","inputs":{"method":"PATCH","uri":"https://graph.microsoft.com/v1.0/users/@{items('Apply_to_each')?['Id']}","headers":{"Content-type":"application/json"},"body":{"accountEnabled":true},"authentication":{"type":"ActiveDirectoryOAuth","tenant":"1308b4fd-10ab-4788-bf1b-04250b1b01fc","audience":"https://graph.microsoft.com","clientId":"ca53d862-0e46-4da4-8d10-ae9282cc2ffb","secret":"t-d8Q~B3BPdi1wmjiTynb3CH7WNh37WwKMo-ycX6"}}}},"runAfter":{},"metadata":{"operationMetadataId":"9b818aa9-44e6-4c65-aa97-b575403a9437"},"type":"Foreach"}}},"expression":{"equals":["@triggerOutputs()?['body/crd1b_userstatis']",1]},"metadata":{"operationMetadataId":"b0fea85a-3e3e-4923-b375-5586a12335ec"},"type":"If"},"client_user_table":{"runAfter":{"Condition":["Succeeded"]},"metadata":{"operationMetadataId":"fa38328e-e8f0-40b1-8f0b-6371ea635100"},"type":"OpenApiConnection","inputs":{"host":{"apiId":"/providers/Microsoft.PowerApps/apis/shared_commondataserviceforapps","connectionName":"shared_commondataserviceforapps","operationId":"ListRecords"},"parameters":{"entityName":"crd1b_clientuserses","$filter":"crd1b_email eq '@{triggerOutputs()?['body/emailaddress1']}'"},"authentication":"@parameters('$authentication')"}},"Apply_to_each_4":{"foreach":"@outputs('client_user_table')?['body/value']","actions":{"Condition_3":{"actions":{"Update_a_row":{"runAfter":{},"metadata":{"operationMetadataId":"5f66606a-5b53-4502-987b-ffc566d7b771"},"type":"OpenApiConnection","inputs":{"host":{"apiId":"/providers/Microsoft.PowerApps/apis/shared_commondataserviceforapps","connectionName":"shared_commondataserviceforapps","operationId":"UpdateRecord"},"parameters":{"entityName":"crd1b_clientuserses","recordId":"@items('Apply_to_each_4')?['crd1b_clientusersid']","item/crd1b_userstatus":"@triggerOutputs()?['body/crd1b_userstatis']"},"authentication":"@parameters('$authentication')"}}},"runAfter":{},"expression":{"not":{"equals":["@items('Apply_to_each_4')?['crd1b_userstatus']","@triggerOutputs()?['body/crd1b_userstatis']"]}},"metadata":{"operationMetadataId":"6fb89908-27df-44a2-8f67-b86ced515436"},"type":"If"}},"runAfter":{"client_user_table":["Succeeded"]},"metadata":{"operationMetadataId":"12633719-4c55-4086-bbdc-bb694eecaf43"},"type":"Foreach"}}},"connectionReferences":{"shared_commondataserviceforapps":{"connectionName":"shared-commondataser-e5640ddd-2554-497c-bb96-07b36c9362ae","source":"Embedded","id":"/providers/Microsoft.PowerApps/apis/shared_commondataserviceforapps","tier":"NotSpecified"},"shared_office365users":{"connectionName":"shared-office365user-2a79d957-8bdb-4ed8-8679-62fa47322fe5","source":"Embedded","id":"/providers/Microsoft.PowerApps/apis/shared_office365users","tier":"NotSpecified"}},"flowFailureAlertSubscribed":false,"isManaged":false}}