{"name":"ff0847e0-a92c-4798-8bb0-a2be89e565db","id":"/providers/Microsoft.Flow/flows/ff0847e0-a92c-4798-8bb0-a2be89e565db","type":"Microsoft.Flow/flows","properties":{"apiId":"/providers/Microsoft.PowerApps/apis/shared_logicflows","displayName":"Invite client user","definition":{"metadata":{"workflowEntityId":null,"processAdvisorMetadata":null,"flowclientsuspensionreason":"None","flowclientsuspensiontime":null,"flowclientsuspensionreasondetails":null,"creator":{"id":"0a551f6e-be78-4f01-8c67-20765148c14a","type":"User","tenantId":"1308b4fd-10ab-4788-bf1b-04250b1b01fc"},"provisioningMethod":"FromDefinition","failureAlertSubscription":true,"clientLastModifiedTime":"2022-12-12T11:01:44.6035238Z"},"$schema":"https://schema.management.azure.com/providers/Microsoft.Logic/schemas/2016-06-01/workflowdefinition.json#","contentVersion":"1.0.0.0","parameters":{"$connections":{"defaultValue":{},"type":"Object"},"$authentication":{"defaultValue":{},"type":"SecureObject"}},"triggers":{"When_a_new_response_is_submitted":{"splitOn":"@triggerOutputs()?['body/value']","metadata":{"operationMetadataId":"eb91ab25-0607-4f87-89c2-895670e4d9ac"},"type":"OpenApiConnectionWebhook","inputs":{"host":{"apiId":"/providers/Microsoft.PowerApps/apis/shared_microsoftforms","connectionName":"shared_microsoftforms","operationId":"CreateFormWebhook"},"parameters":{"form_id":"_bQIE6sQiEe_GwQlCxsB_G4fVQp4vgFPjGcgdlFIwUpUOU9KSjVBVDc4NzRBNFVRSjlXV0NGWVYySi4u"},"authentication":"@parameters('$authentication')"}}},"actions":{"Get_response_details":{"runAfter":{},"metadata":{"operationMetadataId":"1e5f6963-142e-44da-8752-930e23609851"},"type":"OpenApiConnection","inputs":{"host":{"apiId":"/providers/Microsoft.PowerApps/apis/shared_microsoftforms","connectionName":"shared_microsoftforms","operationId":"GetFormResponseById"},"parameters":{"form_id":"_bQIE6sQiEe_GwQlCxsB_G4fVQp4vgFPjGcgdlFIwUpUOU9KSjVBVDc4NzRBNFVRSjlXV0NGWVYySi4u","response_id":"@triggerOutputs()?['body/resourceData/responseId']"},"authentication":"@parameters('$authentication')"}},"Initialize_variable":{"runAfter":{"Get_response_details":["Succeeded"]},"metadata":{"operationMetadataId":"e11c2718-b64b-44a8-89f4-82296b8a1ae7"},"type":"InitializeVariable","inputs":{"variables":[{"name":"temp-client-code","type":"string"}]}},"HTTP_-_Check_if_user_exists":{"runAfter":{"Initialize_variable":["Succeeded"]},"metadata":{"operationMetadataId":"e50ebee1-e514-45b5-b72a-8f80a1e30351"},"type":"Http","inputs":{"method":"GET","uri":"https://graph.microsoft.com/v1.0/users?$filter=mail eq '@{outputs('Get_response_details')?['body/r0cdbbdb2ecb346aca869af533ca6f4f1']}'&$select=id","headers":{"Content-type":"application/json"},"authentication":{"type":"ActiveDirectoryOAuth","tenant":"1308b4fd-10ab-4788-bf1b-04250b1b01fc","audience":"https://graph.microsoft.com","clientId":"ca53d862-0e46-4da4-8d10-ae9282cc2ffb","secret":"t-d8Q~B3BPdi1wmjiTynb3CH7WNh37WwKMo-ycX6"}}},"Parse_JSON":{"runAfter":{"HTTP_-_Check_if_user_exists":["Succeeded"]},"metadata":{"operationMetadataId":"266233bd-9eac-4f0e-9d59-72fd2248e623"},"type":"ParseJson","inputs":{"content":"@body('HTTP_-_Check_if_user_exists')","schema":{"type":"object","properties":{"@@odata.context":{"type":"string"},"value":{"type":"array","items":{"type":"object","properties":{"id":{"type":"string"}},"required":["id"]}}}}}},"Condition":{"actions":{"HTTP_-_Add_guest_user":{"runAfter":{},"metadata":{"operationMetadataId":"f07d5416-5864-4bf7-9d64-a810c777c2b7"},"type":"Http","inputs":{"method":"POST","uri":"https://graph.microsoft.com/v1.0/invitations","headers":{"Content-type":"application/json"},"body":{"invitedUserDisplayName":"@{outputs('Get_response_details')?['body/rb0bb9704626a4a299450ed65c533ab25']} @{outputs('Get_response_details')?['body/rc0af4848b91b4e59974a9c3433b42933']}","invitedUserEmailAddress":"@{outputs('Get_response_details')?['body/r0cdbbdb2ecb346aca869af533ca6f4f1']}","sendInvitationMessage":true,"inviteRedirectUrl":"https://bensonhealth.powerappsportals.com/SignIn"},"authentication":{"type":"ActiveDirectoryOAuth","tenant":"1308b4fd-10ab-4788-bf1b-04250b1b01fc","audience":"https://graph.microsoft.com","clientId":"ca53d862-0e46-4da4-8d10-ae9282cc2ffb","secret":"t-d8Q~B3BPdi1wmjiTynb3CH7WNh37WwKMo-ycX6"}}},"List_rows":{"runAfter":{"HTTP_-_Add_guest_user":["Succeeded"]},"metadata":{"operationMetadataId":"74cb8022-302c-4feb-a378-4b0a2b8dd88f"},"type":"OpenApiConnection","inputs":{"host":{"apiId":"/providers/Microsoft.PowerApps/apis/shared_commondataserviceforapps","connectionName":"shared_commondataserviceforapps_2","operationId":"ListRecords"},"parameters":{"entityName":"accounts"},"authentication":"@parameters('$authentication')"}},"Apply_to_each":{"foreach":"@outputs('List_rows')?['body/value']","actions":{"Condition_2":{"actions":{"Add_a_new_row":{"runAfter":{},"metadata":{"operationMetadataId":"c2b56f02-a5b5-4ecb-bdd9-d2c0505ec23a"},"type":"OpenApiConnection","inputs":{"host":{"apiId":"/providers/Microsoft.PowerApps/apis/shared_commondataserviceforapps","connectionName":"shared_commondataserviceforapps_2","operationId":"CreateRecord"},"parameters":{"entityName":"crd1b_tempuserses","item/crd1b_name":"@outputs('Get_response_details')?['body/r0cdbbdb2ecb346aca869af533ca6f4f1']","item/crd1b_clientcodeacc@odata.bind":"/systemusers(@{items('Apply_to_each')?['accountid']})","item/crd1b_firstname":"@outputs('Get_response_details')?['body/rb0bb9704626a4a299450ed65c533ab25']","item/crd1b_lastname":"@outputs('Get_response_details')?['body/rc0af4848b91b4e59974a9c3433b42933']","item/crd1b_temp_role@odata.bind":"/systemusers(0cb017cf-4567-ed11-9561-00224842b6ce)"},"authentication":"@parameters('$authentication')"}}},"runAfter":{},"expression":{"equals":["@items('Apply_to_each')?['name']","@outputs('Get_response_details')?['body/rfca5b6f62d194d779eacd7c2c19d143f']"]},"metadata":{"operationMetadataId":"540b387e-256c-4e4a-b0d9-4e47aa807c58"},"type":"If"}},"runAfter":{"List_rows":["Succeeded"]},"metadata":{"operationMetadataId":"3f694d2c-5cc8-444c-9697-898139a3aebc"},"type":"Foreach"}},"runAfter":{"Parse_JSON":["Succeeded"]},"expression":{"or":[{"equals":["@length(body('Parse_JSON')?['value'])",0]},{"equals":["@length(body('Parse_JSON')?['value'])",1]}]},"metadata":{"operationMetadataId":"83657063-22d3-41ed-b80e-f48707bd48b3"},"type":"If","description":"length(body('Parse_JSON')?['value'])"}}},"connectionReferences":{"shared_microsoftforms":{"connectionName":"shared-microsoftform-ac0d8f2f-14f2-47c1-a928-182a808482e7","source":"Embedded","id":"/providers/Microsoft.PowerApps/apis/shared_microsoftforms","tier":"NotSpecified"},"shared_commondataserviceforapps_2":{"connectionName":"shared-commondataser-e5640ddd-2554-497c-bb96-07b36c9362ae","source":"Embedded","id":"/providers/Microsoft.PowerApps/apis/shared_commondataserviceforapps","tier":"NotSpecified"}},"flowFailureAlertSubscribed":false,"isManaged":false}}