{"name":"edb2e432-a202-45ac-8819-c0b2134b42cc","id":"/providers/Microsoft.Flow/flows/edb2e432-a202-45ac-8819-c0b2134b42cc","type":"Microsoft.Flow/flows","properties":{"apiId":"/providers/Microsoft.PowerApps/apis/shared_logicflows","displayName":"After Client User Login","definition":{"metadata":{"workflowEntityId":null,"processAdvisorMetadata":null,"flowclientsuspensionreason":"None","flowclientsuspensiontime":null,"flowclientsuspensionreasondetails":null,"creator":{"id":"0a551f6e-be78-4f01-8c67-20765148c14a","type":"User","tenantId":"1308b4fd-10ab-4788-bf1b-04250b1b01fc"},"provisioningMethod":"FromDefinition","failureAlertSubscription":true,"clientLastModifiedTime":"2022-12-09T12:30:32.3977796Z"},"$schema":"https://schema.management.azure.com/providers/Microsoft.Logic/schemas/2016-06-01/workflowdefinition.json#","contentVersion":"1.0.0.0","parameters":{"$connections":{"defaultValue":{},"type":"Object"},"$authentication":{"defaultValue":{},"type":"SecureObject"}},"triggers":{"When_a_row_is_added,_modified_or_deleted":{"metadata":{"operationMetadataId":"7b0152d8-04b1-4dbd-94e7-7f5a7a2bdf5c"},"type":"OpenApiConnectionWebhook","inputs":{"host":{"apiId":"/providers/Microsoft.PowerApps/apis/shared_commondataserviceforapps","connectionName":"shared_commondataserviceforapps","operationId":"SubscribeWebhookTrigger"},"parameters":{"subscriptionRequest/message":1,"subscriptionRequest/entityname":"contact","subscriptionRequest/scope":4},"authentication":"@parameters('$authentication')"}}},"actions":{"Get_a_row_by_ID":{"runAfter":{},"metadata":{"operationMetadataId":"83fd3de0-3295-4c6d-8388-adf6295538a2"},"type":"OpenApiConnection","inputs":{"host":{"apiId":"/providers/Microsoft.PowerApps/apis/shared_commondataserviceforapps","connectionName":"shared_commondataserviceforapps","operationId":"GetItem"},"parameters":{"entityName":"contacts","recordId":"@triggerOutputs()?['body/contactid']"},"authentication":"@parameters('$authentication')"}},"List_rows":{"runAfter":{"Get_a_row_by_ID":["Succeeded"]},"metadata":{"operationMetadataId":"6c8dbfc2-566a-4f54-b5d2-418d28b76b28"},"type":"OpenApiConnection","inputs":{"host":{"apiId":"/providers/Microsoft.PowerApps/apis/shared_commondataserviceforapps","connectionName":"shared_commondataserviceforapps","operationId":"ListRecords"},"parameters":{"entityName":"crd1b_tempuserses"},"authentication":"@parameters('$authentication')"}},"Apply_to_each":{"foreach":"@outputs('List_rows')?['body/value']","actions":{"Condition":{"actions":{"Update_a_row":{"runAfter":{},"metadata":{"operationMetadataId":"5687b92b-4ac7-4ea4-81a3-012d32d77c8c"},"type":"OpenApiConnection","inputs":{"host":{"apiId":"/providers/Microsoft.PowerApps/apis/shared_commondataserviceforapps","connectionName":"shared_commondataserviceforapps","operationId":"UpdateRecord"},"parameters":{"entityName":"contacts","recordId":"@triggerOutputs()?['body/contactid']","item/parentcustomerid_account@odata.bind":"accounts(@{items('Apply_to_each')?['_crd1b_clientcodeacc_value']})","item/firstname":"@items('Apply_to_each')?['crd1b_firstname']","item/lastname":"@items('Apply_to_each')?['crd1b_lastname']","item/crd1b_Role@odata.bind":"/systemusers(@{items('Apply_to_each')?['_crd1b_temp_role_value']})"},"authentication":"@parameters('$authentication')"}},"Relate_rows":{"runAfter":{"Update_a_row":["Succeeded"]},"metadata":{"operationMetadataId":"d0317a66-0f8e-4a04-844a-4d9b8655599c"},"type":"OpenApiConnection","inputs":{"host":{"apiId":"/providers/Microsoft.PowerApps/apis/shared_commondataserviceforapps","connectionName":"shared_commondataserviceforapps","operationId":"AssociateEntities"},"parameters":{"entityName":"contacts","recordId":"@outputs('Update_a_row')?['body/contactid']","associationEntityRelationship":"adx_webrole_contact","item/@odata.id":"https://org821a1fe3.crm11.dynamics.com/api/data/v9.1/adx_webroles(0cb017cf-4567-ed11-9561-00224842b6ce)"},"authentication":"@parameters('$authentication')"}},"Add_a_new_row":{"runAfter":{"Relate_rows":["Succeeded"]},"metadata":{"operationMetadataId":"28e70a1a-2ed8-43da-a3b8-17bcb1ae86eb"},"type":"OpenApiConnection","inputs":{"host":{"apiId":"/providers/Microsoft.PowerApps/apis/shared_commondataserviceforapps","connectionName":"shared_commondataserviceforapps","operationId":"CreateRecord"},"parameters":{"entityName":"crd1b_clientuserses","item/crd1b_name":"@items('Apply_to_each')?['crd1b_firstname']","item/crd1b_ClientCode@odata.bind":"/systemusers(@{items('Apply_to_each')?['_crd1b_clientcodeacc_value']})","item/crd1b_email":"@items('Apply_to_each')?['crd1b_name']","item/crd1b_fullname":"@{items('Apply_to_each')?['crd1b_firstname']} @{items('Apply_to_each')?['crd1b_lastname']}","item/crd1b_Role@odata.bind":"/systemusers(0cb017cf-4567-ed11-9561-00224842b6ce)"},"authentication":"@parameters('$authentication')"}},"Delete_a_row":{"runAfter":{"Add_a_new_row":["Succeeded"]},"metadata":{"operationMetadataId":"6c0b15e5-7965-4c41-b5b4-417e66761784"},"type":"OpenApiConnection","inputs":{"host":{"apiId":"/providers/Microsoft.PowerApps/apis/shared_commondataserviceforapps","connectionName":"shared_commondataserviceforapps","operationId":"DeleteRecord"},"parameters":{"entityName":"crd1b_tempuserses","recordId":"@items('Apply_to_each')?['crd1b_tempusersid']"},"authentication":"@parameters('$authentication')"}}},"runAfter":{},"expression":{"equals":["@items('Apply_to_each')?['crd1b_name']","@outputs('Get_a_row_by_ID')?['body/emailaddress1']"]},"metadata":{"operationMetadataId":"4a91078f-47fd-4407-ad8c-0462d35ccbc0"},"type":"If"}},"runAfter":{"List_rows":["Succeeded"]},"metadata":{"operationMetadataId":"d4e25d9f-76ce-4f55-a852-abdbaeb7b785"},"type":"Foreach"}},"outputs":{}},"connectionReferences":{"shared_commondataserviceforapps":{"connectionName":"shared-commondataser-e5640ddd-2554-497c-bb96-07b36c9362ae","source":"Embedded","id":"/providers/Microsoft.PowerApps/apis/shared_commondataserviceforapps","tier":"NotSpecified"}},"flowFailureAlertSubscribed":false,"isManaged":false}}