{"name":"d301af12-9bbc-42b3-90ae-87cc85316028","id":"/providers/Microsoft.Flow/flows/d301af12-9bbc-42b3-90ae-87cc85316028","type":"Microsoft.Flow/flows","properties":{"apiId":"/providers/Microsoft.PowerApps/apis/shared_logicflows","displayName":"client support response back","definition":{"metadata":{"workflowEntityId":null,"processAdvisorMetadata":null,"flowclientsuspensionreason":"None","flowclientsuspensiontime":null,"flowclientsuspensionreasondetails":null,"creator":{"id":"0a551f6e-be78-4f01-8c67-20765148c14a","type":"User","tenantId":"1308b4fd-10ab-4788-bf1b-04250b1b01fc"},"provisioningMethod":"FromDefinition","failureAlertSubscription":true,"clientLastModifiedTime":"2022-12-19T06:15:07.9472525Z"},"$schema":"https://schema.management.azure.com/providers/Microsoft.Logic/schemas/2016-06-01/workflowdefinition.json#","contentVersion":"1.0.0.0","parameters":{"$connections":{"defaultValue":{},"type":"Object"},"$authentication":{"defaultValue":{},"type":"SecureObject"}},"triggers":{"When_a_row_is_added,_modified_or_deleted":{"metadata":{"operationMetadataId":"98c4224a-2a38-45a9-a40c-502456c2e6c9"},"type":"OpenApiConnectionWebhook","inputs":{"host":{"apiId":"/providers/Microsoft.PowerApps/apis/shared_commondataserviceforapps","connectionName":"shared_commondataserviceforapps","operationId":"SubscribeWebhookTrigger"},"parameters":{"subscriptionRequest/message":3,"subscriptionRequest/entityname":"crd1b_clientsupport","subscriptionRequest/scope":4},"authentication":"@parameters('$authentication')"}}},"actions":{"Condition":{"actions":{"Send_an_email_(V2)":{"runAfter":{},"metadata":{"operationMetadataId":"3ff9574a-798c-4d8d-9af5-4c400770c2b5"},"type":"OpenApiConnection","inputs":{"host":{"apiId":"/providers/Microsoft.PowerApps/apis/shared_office365","connectionName":"shared_office365","operationId":"SendEmailV2"},"parameters":{"emailMessage/To":"@triggerOutputs()?['body/crd1b_email']","emailMessage/Subject":"Issue Resolved","emailMessage/Body":"<p>Hi!<br>\nYour issue has been resolved.&nbsp;</p>","emailMessage/From":"BensonAdmin@bensonwintere.com","emailMessage/Importance":"Normal"},"authentication":"@parameters('$authentication')"}}},"runAfter":{},"expression":{"equals":["@triggerOutputs()?['body/crd1b_ticketstatus']",true]},"metadata":{"operationMetadataId":"2d75cdcc-be1b-4e04-b157-a138a89c889f"},"type":"If"}}},"connectionReferences":{"shared_office365":{"connectionName":"shared-office365-3a7a4055-663a-4267-89a3-51fc43aafe2a","source":"Embedded","id":"/providers/Microsoft.PowerApps/apis/shared_office365","tier":"NotSpecified"},"shared_commondataserviceforapps":{"connectionName":"shared-commondataser-e5640ddd-2554-497c-bb96-07b36c9362ae","source":"Embedded","id":"/providers/Microsoft.PowerApps/apis/shared_commondataserviceforapps","tier":"NotSpecified"}},"flowFailureAlertSubscribed":false,"isManaged":false}}