{"name":"a84d0100-fa4e-4f69-856b-202829473ac3","id":"/providers/Microsoft.Flow/flows/a84d0100-fa4e-4f69-856b-202829473ac3","type":"Microsoft.Flow/flows","properties":{"apiId":"/providers/Microsoft.PowerApps/apis/shared_logicflows","displayName":"When a new response is submitted -> List rows,Apply to each,Conditi...","definition":{"metadata":{"workflowEntityId":null,"processAdvisorMetadata":null,"flowclientsuspensionreason":"None","flowclientsuspensiontime":null,"flowclientsuspensionreasondetails":null,"creator":{"id":"0a551f6e-be78-4f01-8c67-20765148c14a","type":"User","tenantId":"1308b4fd-10ab-4788-bf1b-04250b1b01fc"},"provisioningMethod":"FromDefinition","failureAlertSubscription":true,"clientLastModifiedTime":"2022-11-24T07:00:36.5966539Z"},"$schema":"https://schema.management.azure.com/providers/Microsoft.Logic/schemas/2016-06-01/workflowdefinition.json#","contentVersion":"1.0.0.0","parameters":{"$connections":{"defaultValue":{},"type":"Object"},"$authentication":{"defaultValue":{},"type":"SecureObject"}},"triggers":{"When_a_new_response_is_submitted":{"splitOn":"@triggerOutputs()?['body/value']","metadata":{"operationMetadataId":"2be53d4a-7861-43d9-9add-73d218c2825e"},"type":"OpenApiConnectionWebhook","inputs":{"host":{"apiId":"/providers/Microsoft.PowerApps/apis/shared_microsoftforms","connectionName":"shared_microsoftforms","operationId":"CreateFormWebhook"},"parameters":{"form_id":"_bQIE6sQiEe_GwQlCxsB_G4fVQp4vgFPjGcgdlFIwUpUME80NzBGT0g0SVZXWVA2MzRWWkNSWEpONy4u"},"authentication":"@parameters('$authentication')"}}},"actions":{"List_rows":{"runAfter":{},"metadata":{"operationMetadataId":"e0011a99-8049-403f-ade7-3481d02f1941"},"type":"OpenApiConnection","inputs":{"host":{"apiId":"/providers/Microsoft.PowerApps/apis/shared_commondataserviceforapps","connectionName":"shared_commondataserviceforapps","operationId":"ListRecords"},"parameters":{"entityName":"crd1b_benactmapses"},"authentication":"@parameters('$authentication')"}},"Apply_to_each":{"foreach":"@outputs('List_rows')?['body/value']","actions":{"Condition":{"actions":{"Update_a_row":{"runAfter":{},"metadata":{"operationMetadataId":"0da7d390-ef63-4053-9595-62681974d5da"},"type":"OpenApiConnection","inputs":{"host":{"apiId":"/providers/Microsoft.PowerApps/apis/shared_commondataserviceforapps","connectionName":"shared_commondataserviceforapps","operationId":"UpdateRecord"},"parameters":{"entityName":"crd1b_benactmapses","recordId":"@items('Apply_to_each')?['crd1b_benactmapsid']","item/crd1b_ClientCode@odata.bind":"/systemusers(74a79bdc-6369-ed11-81ac-00224842b6ce)"},"authentication":"@parameters('$authentication')"}}},"runAfter":{},"else":{"actions":{"Condition_2":{"actions":{"Update_a_row_2":{"runAfter":{},"metadata":{"operationMetadataId":"79db9fa2-e1cb-47d5-80f6-59c38b6d0e44"},"type":"OpenApiConnection","inputs":{"host":{"apiId":"/providers/Microsoft.PowerApps/apis/shared_commondataserviceforapps","connectionName":"shared_commondataserviceforapps","operationId":"UpdateRecord"},"parameters":{"entityName":"crd1b_benactmapses","recordId":"@items('Apply_to_each')?['crd1b_benactmapsid']","item/crd1b_ClientCode@odata.bind":"/systemusers(806efecd-6369-ed11-81ac-00224842b6ce)"},"authentication":"@parameters('$authentication')"}}},"runAfter":{},"else":{"actions":{"Condition_3":{"actions":{"Update_a_row_3":{"runAfter":{},"metadata":{"operationMetadataId":"2aadc74a-42ec-4f7b-b52d-a372c050e726"},"type":"OpenApiConnection","inputs":{"host":{"apiId":"/providers/Microsoft.PowerApps/apis/shared_commondataserviceforapps","connectionName":"shared_commondataserviceforapps","operationId":"UpdateRecord"},"parameters":{"entityName":"crd1b_benactmapses","recordId":"@items('Apply_to_each')?['crd1b_benactmapsid']","item/crd1b_ClientCode@odata.bind":"/systemusers(75a79bdc-6369-ed11-81ac-00224842b6ce)"},"authentication":"@parameters('$authentication')"}}},"runAfter":{},"expression":{"equals":["@items('Apply_to_each')?['crd1b_title']","WSH"]},"metadata":{"operationMetadataId":"591461aa-6f93-42f6-97ac-8f75aa4ae14a"},"type":"If"}}},"expression":{"equals":["@items('Apply_to_each')?['crd1b_title']","SUS"]},"metadata":{"operationMetadataId":"5dda559a-339c-4f9f-b296-a775380f5651"},"type":"If"}}},"expression":{"equals":["@items('Apply_to_each')?['crd1b_title']","SFT"]},"metadata":{"operationMetadataId":"93bb9127-4e85-4784-b8d6-1e5bc7ac7306"},"type":"If"}},"runAfter":{"List_rows":["Succeeded"]},"metadata":{"operationMetadataId":"5fcb4898-95a2-40f3-b8cc-7aed42b4fddf"},"type":"Foreach"}},"outputs":{}},"connectionReferences":{"shared_commondataserviceforapps":{"connectionName":"shared-commondataser-e5640ddd-2554-497c-bb96-07b36c9362ae","source":"Embedded","id":"/providers/Microsoft.PowerApps/apis/shared_commondataserviceforapps","tier":"NotSpecified"},"shared_microsoftforms":{"connectionName":"shared-microsoftform-ac0d8f2f-14f2-47c1-a928-182a808482e7","source":"Embedded","id":"/providers/Microsoft.PowerApps/apis/shared_microsoftforms","tier":"NotSpecified"}},"flowFailureAlertSubscribed":false,"isManaged":false}}