{"name":"a984a370-868e-473b-9e5e-709888f23a93","id":"/providers/Microsoft.Flow/flows/a984a370-868e-473b-9e5e-709888f23a93","type":"Microsoft.Flow/flows","properties":{"apiId":"/providers/Microsoft.PowerApps/apis/shared_logicflows","displayName":"When a row is added, modified or deleted -> Condition,Add user to g...","definition":{"metadata":{"workflowEntityId":null,"processAdvisorMetadata":null,"flowclientsuspensionreason":"None","flowclientsuspensiontime":null,"flowclientsuspensionreasondetails":null,"creator":{"id":"0a551f6e-be78-4f01-8c67-20765148c14a","type":"User","tenantId":"1308b4fd-10ab-4788-bf1b-04250b1b01fc"},"provisioningMethod":"FromDefinition","failureAlertSubscription":true,"clientLastModifiedTime":"2023-01-25T11:06:53.1221911Z"},"$schema":"https://schema.management.azure.com/providers/Microsoft.Logic/schemas/2016-06-01/workflowdefinition.json#","contentVersion":"1.0.0.0","parameters":{"$connections":{"defaultValue":{},"type":"Object"},"$authentication":{"defaultValue":{},"type":"SecureObject"}},"triggers":{"When_a_row_is_added,_modified_or_deleted":{"metadata":{"operationMetadataId":"a1e3cfa6-7c4f-43fb-9e18-effa52908eb5"},"type":"OpenApiConnectionWebhook","inputs":{"host":{"apiId":"/providers/Microsoft.PowerApps/apis/shared_commondataserviceforapps","connectionName":"shared_commondataserviceforapps","operationId":"SubscribeWebhookTrigger"},"parameters":{"subscriptionRequest/message":4,"subscriptionRequest/entityname":"contact","subscriptionRequest/scope":4},"authentication":"@parameters('$authentication')"}}},"actions":{"Condition":{"actions":{"Apply_to_each":{"foreach":"@outputs('Search_for_users_(V2)')?['body/value']","actions":{"Add_user_to_SFT_test_group_":{"runAfter":{},"metadata":{"operationMetadataId":"2cd18d79-fc76-4105-9f56-8489e533eb41"},"type":"OpenApiConnection","inputs":{"host":{"apiId":"/providers/Microsoft.PowerApps/apis/shared_azuread","connectionName":"shared_azuread","operationId":"AddUserToGroup"},"parameters":{"id":"d5589725-8e2e-4f4c-b8f0-3ec0c6c61fcd","body/@odata.id":"@items('Apply_to_each')?['Id']"},"authentication":"@parameters('$authentication')"}}},"runAfter":{},"metadata":{"operationMetadataId":"bc0d6b9c-2a6f-4757-86dd-8e83667ab4f3"},"type":"Foreach"}},"runAfter":{"Search_for_users_(V2)":["Succeeded"]},"expression":{"equals":["@triggerOutputs()?['body/_parentcustomerid_value']","74a79bdc-6369-ed11-81ac-00224842b6ce"]},"metadata":{"operationMetadataId":"7736ce01-8751-4228-bb85-6daaf81eac87"},"type":"If"},"Search_for_users_(V2)":{"runAfter":{},"metadata":{"operationMetadataId":"babef84b-04cd-4b77-b178-42e41fbffefe"},"type":"OpenApiConnection","inputs":{"host":{"apiId":"/providers/Microsoft.PowerApps/apis/shared_office365users","connectionName":"shared_office365users","operationId":"SearchUserV2"},"parameters":{"searchTerm":"@triggerOutputs()?['body/emailaddress1']","top":1,"isSearchTermRequired":true},"authentication":"@parameters('$authentication')"}}}},"connectionReferences":{"shared_azuread":{"connectionName":"shared-azuread-a62bc88a-afea-40ed-885d-c7399d45f945","source":"Embedded","id":"/providers/Microsoft.PowerApps/apis/shared_azuread","tier":"NotSpecified"},"shared_office365users":{"connectionName":"shared-office365user-2a79d957-8bdb-4ed8-8679-62fa47322fe5","source":"Embedded","id":"/providers/Microsoft.PowerApps/apis/shared_office365users","tier":"NotSpecified"},"shared_commondataserviceforapps":{"connectionName":"shared-commondataser-e5640ddd-2554-497c-bb96-07b36c9362ae","source":"Embedded","id":"/providers/Microsoft.PowerApps/apis/shared_commondataserviceforapps","tier":"NotSpecified"}},"flowFailureAlertSubscribed":false,"isManaged":false}}