{"name":"81b63101-2282-454b-afa1-af1297ab2907","id":"/providers/Microsoft.Flow/flows/81b63101-2282-454b-afa1-af1297ab2907","type":"Microsoft.Flow/flows","properties":{"apiId":"/providers/Microsoft.PowerApps/apis/shared_logicflows","displayName":"Invite Guest User","definition":{"metadata":{"workflowEntityId":null,"processAdvisorMetadata":null,"flowclientsuspensionreason":"None","flowclientsuspensiontime":null,"flowclientsuspensionreasondetails":null,"creator":{"id":"0a551f6e-be78-4f01-8c67-20765148c14a","type":"User","tenantId":"1308b4fd-10ab-4788-bf1b-04250b1b01fc"},"provisioningMethod":"FromDefinition","failureAlertSubscription":true,"clientLastModifiedTime":"2022-12-08T13:28:50.7915645Z"},"$schema":"https://schema.management.azure.com/providers/Microsoft.Logic/schemas/2016-06-01/workflowdefinition.json#","contentVersion":"1.0.0.0","parameters":{"$connections":{"defaultValue":{},"type":"Object"},"$authentication":{"defaultValue":{},"type":"SecureObject"}},"triggers":{"When_a_new_response_is_submitted":{"splitOn":"@triggerOutputs()?['body/value']","metadata":{"operationMetadataId":"0ae0650c-b37e-41a5-997d-7cdfdc8784dc"},"type":"OpenApiConnectionWebhook","inputs":{"host":{"apiId":"/providers/Microsoft.PowerApps/apis/shared_microsoftforms","connectionName":"shared_microsoftforms","operationId":"CreateFormWebhook"},"parameters":{"form_id":"_bQIE6sQiEe_GwQlCxsB_G4fVQp4vgFPjGcgdlFIwUpUQ1A3RzVQNFlWWlIxNFpWQjMyNlRTOTlKTS4u"},"authentication":"@parameters('$authentication')"}}},"actions":{"Get_response_details":{"runAfter":{},"metadata":{"operationMetadataId":"1e5f6963-142e-44da-8752-930e23609851"},"type":"OpenApiConnection","inputs":{"host":{"apiId":"/providers/Microsoft.PowerApps/apis/shared_microsoftforms","connectionName":"shared_microsoftforms","operationId":"GetFormResponseById"},"parameters":{"form_id":"_bQIE6sQiEe_GwQlCxsB_G4fVQp4vgFPjGcgdlFIwUpUQ1A3RzVQNFlWWlIxNFpWQjMyNlRTOTlKTS4u","response_id":"@triggerOutputs()?['body/resourceData/responseId']"},"authentication":"@parameters('$authentication')"}},"HTTP_-_Check_if_user_exists":{"runAfter":{"Get_response_details":["Succeeded"]},"metadata":{"operationMetadataId":"e50ebee1-e514-45b5-b72a-8f80a1e30351"},"type":"Http","inputs":{"method":"GET","uri":"https://graph.microsoft.com/v1.0/users?$filter=mail eq '@{outputs('Get_response_details')?['body/rcbfa82b33f554c7f99848e39bd84cb88']}'&$select=id","headers":{"Content-type":"application/json"},"authentication":{"type":"ActiveDirectoryOAuth","tenant":"1308b4fd-10ab-4788-bf1b-04250b1b01fc","audience":"https://graph.microsoft.com","clientId":"ca53d862-0e46-4da4-8d10-ae9282cc2ffb","secret":"t-d8Q~B3BPdi1wmjiTynb3CH7WNh37WwKMo-ycX6"}}},"Parse_JSON":{"runAfter":{"HTTP_-_Check_if_user_exists":["Succeeded"]},"metadata":{"operationMetadataId":"266233bd-9eac-4f0e-9d59-72fd2248e623"},"type":"ParseJson","inputs":{"content":"@body('HTTP_-_Check_if_user_exists')","schema":{"type":"object","properties":{"@@odata.context":{"type":"string"},"value":{"type":"array","items":{"type":"object","properties":{"id":{"type":"string"}},"required":["id"]}}}}}},"Condition":{"actions":{"HTTP_-_Add_guest_user":{"runAfter":{},"metadata":{"operationMetadataId":"f07d5416-5864-4bf7-9d64-a810c777c2b7"},"type":"Http","inputs":{"method":"POST","uri":"https://graph.microsoft.com/v1.0/invitations","headers":{"Content-type":"application/json"},"body":{"invitedUserDisplayName":"@{outputs('Get_response_details')?['body/rcd72f86bd1c94c17964d7b4a48cf469a']} @{outputs('Get_response_details')?['body/r0636d798d26f4070b1bceb7fdd138c54']}","invitedUserEmailAddress":"@{outputs('Get_response_details')?['body/rcbfa82b33f554c7f99848e39bd84cb88']}","sendInvitationMessage":true,"inviteRedirectUrl":"https://bensonhealth.powerappsportals.com/SignIn?ReturnUrl=%2Fclients%2F"},"authentication":{"type":"ActiveDirectoryOAuth","tenant":"1308b4fd-10ab-4788-bf1b-04250b1b01fc","audience":"https://graph.microsoft.com","clientId":"ca53d862-0e46-4da4-8d10-ae9282cc2ffb","secret":"t-d8Q~B3BPdi1wmjiTynb3CH7WNh37WwKMo-ycX6"}}}},"runAfter":{"Parse_JSON":["Succeeded"]},"expression":{"or":[{"equals":["@length(body('Parse_JSON')?['value'])",0]},{"equals":["@length(body('Parse_JSON')?['value'])",1]}]},"metadata":{"operationMetadataId":"83657063-22d3-41ed-b80e-f48707bd48b3"},"type":"If","description":"length(body('Parse_JSON')?['value'])"}}},"connectionReferences":{"shared_microsoftforms":{"connectionName":"shared-microsoftform-ac0d8f2f-14f2-47c1-a928-182a808482e7","source":"Embedded","id":"/providers/Microsoft.PowerApps/apis/shared_microsoftforms","tier":"NotSpecified"}},"flowFailureAlertSubscribed":false,"isManaged":false}}